Data Year,Balancing Authority Name,Balancing Authority Code,BA nameplate capacity (MW),BA annual heat input from combustion (MMBtu),BA ozone season heat input from combustion (MMBtu),BA total annual heat input (MMBtu),BA total ozone season heat input (MMBtu),BA annual net generation (MWh),BA ozone season net generation (MWh),BA annual NOx emissions (tons),BA ozone season NOx emissions (tons),BA annual SO2 emissions (tons),BA annual CO2 emissions (tons),BA annual CH4 emissions (lbs),BA annual N2O emissions (lbs),BA annual CO2 equivalent emissions (tons),BA annual Hg emissions (lbs),BA annual NOx total output emission rate (lb/MWh),BA ozone season NOx total output emission rate (lb/MWh),BA annual SO2 total output emission rate (lb/MWh),BA annual CO2 total output emission rate (lb/MWh),BA annual CH4 total output emission rate (lb/MWh),BA annual N2O total output emission rate (lb/MWh),BA annual CO2 equivalent total output emission rate (lb/MWh),BA annual Hg total output emission rate (lb/MWh),BA annual NOx input emission rate (lb/MMBtu),BA ozone season NOx input emission rate (lb/MMBtu),BA annual SO2 input emission rate (lb/MMBtu),BA annual CO2 input emission rate (lb/MMBtu),BA annual CH4 input emission rate (lb/MMBtu),BA annual N2O input emission rate (lb/MMBtu),BA annual CO2 equivalent input emission rate (lb/MMBtu),BA annual Hg input emission rate (lb/MMBtu),BA annual NOx combustion output emission rate (lb/MWh),BA ozone season NOx combustion output emission rate (lb/MWh),BA annual SO2 combustion output emission rate (lb/MWh),BA annual CO2 combustion output emission rate (lb/MWh),BA annual CH4 combustion output emission rate (lb/MWh),BA annual N2O combustion output emission rate (lb/MWh),BA annual CO2 equivalent combustion output emission rate (lb/MWh),BA annual Hg combustion output emission rate (lb/MWh),BA annual NOx coal output emission rate (lb/MWh),BA annual NOx oil output emission rate (lb/MWh),BA annual NOx gas output emission rate (lb/MWh),BA annual NOx fossil fuel output emission rate (lb/MWh),BA ozone season NOx coal output emission rate (lb/MWh),BA ozone season NOx oil output emission rate (lb/MWh),BA ozone season NOx gas output emission rate (lb/MWh),BA ozone season NOx fossil fuel output emission rate (lb/MWh),BA annual SO2 coal output emission rate (lb/MWh),BA annual SO2 oil output emission rate (lb/MWh),BA annual SO2 gas output emission rate (lb/MWh),BA annual SO2 fossil fuel output emission rate (lb/MWh),BA annual CO2 coal output emission rate (lb/MWh),BA annual CO2 oil output emission rate (lb/MWh),BA annual CO2 gas output emission rate (lb/MWh),BA annual CO2 fossil fuel output emission rate (lb/MWh),BA annual CH4 coal output emission rate (lb/MWh),BA annual CH4 oil output emission rate (lb/MWh),BA annual CH4 gas output emission rate (lb/MWh),BA annual CH4 fossil fuel output emission rate (lb/MWh),BA annual N2O coal output emission rate (lb/MWh),BA annual N2O oil output emission rate (lb/MWh),BA annual N2O gas output emission rate (lb/MWh),BA annual N2O fossil fuel output emission rate (lb/MWh),BA annual CO2 equivalent coal output emission rate (lb/MWh),BA annual CO2 equivalent oil output emission rate (lb/MWh),BA annual CO2 equivalent gas output emission rate (lb/MWh),BA annual CO2 equivalent fossil fuel output emission rate (lb/MWh),BA annual Hg coal output emission rate (lb/MWh),BA annual Hg fossil fuel output emission rate (lb/MWh),BA annual NOx coal input emission rate (lb/MMBtu),BA annual NOx oil input emission rate (lb/MMBtu),BA annual NOx gas input emission rate (lb/MMBtu),BA annual NOx fossil fuel input emission rate (lb/MMBtu),BA ozone season NOx coal input emission rate (lb/MMBtu),BA ozone season NOx oil input emission rate (lb/MMBtu),BA ozone season NOx gas input emission rate (lb/MMBtu),BA ozone season NOx fossil fuel input emission rate (lb/MMBtu),BA annual SO2 coal input emission rate (lb/MMBtu),BA annual SO2 oil input emission rate (lb/MMBtu),BA annual SO2 gas input emission rate (lb/MMBtu),BA annual SO2 fossil fuel input emission rate (lb/MMBtu),BA annual CO2 coal input emission rate (lb/MMBtu),BA annual CO2 oil input emission rate (lb/MMBtu),BA annual CO2 gas input emission rate (lb/MMBtu),BA annual CO2 fossil fuel input emission rate (lb/MMBtu),BA annual CH4 coal input emission rate (lb/MMBtu),BA annual CH4 oil input emission rate (lb/MMBtu),BA annual CH4 gas input emission rate (lb/MMBtu),BA annual CH4 fossil fuel input emission rate (lb/MMBtu),BA annual N2O coal input emission rate (lb/MMBtu),BA annual N2O oil input emission rate (lb/MMBtu),BA annual N2O gas input emission rate (lb/MMBtu),BA annual N2O fossil fuel input emission rate (lb/MMBtu),BA annual CO2 equivalent coal input emission rate (lb/MMBtu),BA annual CO2 equivalent oil input emission rate (lb/MMBtu),BA annual CO2 equivalent gas input emission rate (lb/MMBtu),BA annual CO2 equivalent fossil fuel input emission rate (lb/MMBtu),BA annual Hg coal input emission rate (lb/MMBtu),BA annual Hg fossil fuel input emission rate (lb/MMBtu),BA annual NOx non-baseload output emission rate (lb/MWh),BA ozone season NOx non-baseload output emission rate (lb/MWh),BA annual SO2 non-baseload output emission rate (lb/MWh) ,BA annual CO2 non-baseload output emission rate (lb/MWh) ,BA annual CH4 non-baseload output emission rate (lb/GWh),BA annual N2O non-baseload output emission rate (lb/MWh),BA annual CO2 equivalent non-baseload output emission rate (lb/MWh),BA annual Hg non-baseload output emission rate (lb/MWh),BA annual coal net generation (MWh),BA annual oil net generation (MWh),BA annual gas net generation (MWh),BA annual nuclear net generation (MWh),BA annual hydro net generation (MWh),BA annual biomass net generation (MWh),BA annual wind net generation (MWh),BA annual solar net generation (MWh),BA annual geothermal net generation (MWh),BA annual other fossil net generation (MWh),BA annual other unknown/ purchased fuel net generation (MWh),BA annual total nonrenewables net generation (MWh),BA annual total renewables net generation (MWh),BA annual total nonhydro renewables net generation (MWh),BA annual total combustion net generation (MWh),BA annual total noncombustion net generation (MWh),BA coal generation percent (resource mix),BA oil generation percent (resource mix),BA gas generation percent (resource mix),BA nuclear generation percent (resource mix),BA hydro generation percent (resource mix),BA biomass generation percent (resource mix),BA wind generation percent (resource mix),BA solar generation percent (resource mix),BA geothermal generation percent (resource mix),BA other fossil generation percent (resource mix),BA other unknown/ purchased fuel generation percent (resource mix),BA total nonrenewables generation percent (resource mix),BA total renewables generation percent (resource mix),BA total nonhydro renewables generation percent (resource mix),BA total combustion generation percent (resource mix),BA total noncombustion generation percent (resource mix),BA annual nonbaseload coal net generation (MWh),BA annual nonbaseload oil net generation (MWh),BA annual nonbaseload gas net generation (MWh),BA annual nonbaseload nuclear net generation (MWh),BA annual nonbaseload hydro net generation (MWh),BA annual nonbaseload biomass net generation (MWh),BA annual nonbaseload wind net generation (MWh),BA annual nonbaseload solar net generation (MWh),BA annual nonbaseload geothermal net generation (MWh),BA annual nonbaseload other fossil net generation (MWh),BA annual nonbaseload other unknown/ purchased fuel net generation (MWh),BA nonbaseload coal generation percent (resource mix),BA nonbaseload oil generation percent (resource mix),BA nonbaseload gas generation percent (resource mix),BA nonbaseload nuclear generation percent (resource mix),BA nonbaseload hydro generation percent (resource mix),BA nonbaseload biomass generation percent (resource mix),BA nonbaseload wind generation percent (resource mix),BA nonbaseload solar generation percent (resource mix),BA nonbaseload geothermal generation percent (resource mix),BA nonbaseload other fossil generation percent (resource mix),BA nonbaseload other unknown/ purchased fuel generation percent (resource mix)
YEAR,BANAME,BACODE,BANAMEPCAP,BAHTIAN,BAHTIOZ,BAHTIANT,BAHTIOZT,BANGENAN,BANGENOZ,BANOXAN,BANOXOZ,BASO2AN,BACO2AN,BACH4AN,BAN2OAN,BACO2EQA,BAHGAN,BANOXRTA,BANOXRTO,BASO2RTA,BACO2RTA,BACH4RTA,BAN2ORTA,BAC2ERTA,BAHGRTA,BANOXRA,BANOXRO,BASO2RA,BACO2RA,BACH4RA,BAN2ORA,BAC2ERA,BAHGRA,BANOXCRT,BANOXCRO,BASO2CRT,BACO2CRT,BACH4CRT,BAN2OCRT,BAC2ECRT,BAHGCRT,BACNOXRT,BAONOXRT,BAGNOXRT,BAFSNXRT,BACNXORT,BAONXORT,BAGNXORT,BAFSNORT,BACSO2RT,BAOSO2RT,BAGSO2RT,BAFSS2RT,BACCO2RT,BAOCO2RT,BAGCO2RT,BAFSC2RT,BACCH4RT,BAOCH4RT,BAGCH4RT,BAFCH4RT,BACN2ORT,BAON2ORT,BAGN2ORT,BAFN2ORT,BACC2ERT,BAOC2ERT,BAGC2ERT,BAFSC2ERT,BACHGRT,BAFSHGRT,BACNOXR,BAONOXR,BAGNOXR,BAFSNXR,BACNXOR,BAONXOR,BAGNXOR,BAFSNOR,BACSO2R,BAOSO2R,BAGSO2R,BAFSS2R,BACCO2R,BAOCO2R,BAGCO2R,BAFSC2R,BACCH4R,BAOCH4R,BAGCH4R,BAFCH4R,BACN2OR,BAON2OR,BAGN2OR,BAFN2OR,BACC2ER,BAOC2ER,BAGC2ER,BAFSC2ER,BACHGR,BAFSHGR,BANBNOX,BANBNXO,BANBSO2,BANBCO2,BANBCH4,BANBN2O,BANBC2E,BANBHG,BAGENACL,BAGENAOL,BAGENAGS,BAGENANC,BAGENAHY,BAGENABM,BAGENAWI,BAGENASO,BAGENAGT,BAGENAOF,BAGENAOP,BAGENATN,BAGENATR,BAGENATH,BAGENACY,BAGENACN,BACLPR,BAOLPR,BAGSPR,BANCPR,BAHYPR,BABMPR,BAWIPR,BASOPR,BAGTPR,BAOFPR,BAOPPR,BATNPR,BATRPR,BATHPR,BACYPR,BACNPR,BANBGNCL,BANBGNOL,BANBGNGS,BANBGNNC,BANBGNHY,BANBGNBM,BANBGNWI,BANBGNSO,BANBGNGT,BANBGNOF,BANBGNOP,BANBCLPR,BANBOLPR,BANBGSPR,BANBNCPR,BANBHYPR,BANBBMPR,BANBWIPR,BANBSOPR,BANBGTPR,BANBOFPR,BANBOPPR
2022,"Alcoa Power Generating, Inc. - Yadkin Division",YAD,215,0,0,"2,606,234","996,987","763,844","292,201",0,0,0,0,0,0,0,--,0.000,0.000,0.000,0.000,0.000,0.000,0,--,0,0.000,0.000,0.000,0.000,0.000,0.000,--,,,,,,,,--,0.000,0.000,0,0.000,0.000,0.000,0.000,0.000,0.000,0.000,0.000,0.000,0.000,0.000,0.000,0.000,0.000,0.000,0.000,0.0000,0.0000,0.0000,0.0000,0.0000,0.0000,0.0000,0.0000,0.000,--,--,0.000,0.000,0.000,0.000,0.000,0.000,0.000,0.000,0.000,0.000,0.000,0.000,0.000,0.000,0.000,0.000,0.0000,0.0000,0.0000,0.0000,0.0000,0.0000,0.0000,0.0000,0.000,0.000,0.000,0.000,--,--,0.000,0.000,0.000,0.000,0.000,0.000,0.000,--,0,0,0,0,"763,844",0,0,0,0,0,0,0,"763,844",0,0,"763,844",0.0%,0.0%,0.0%,0.0%,100.0%,0.0%,0.0%,0.0%,0.0%,0.0%,0.0%,0.0%,100.0%,0.0%,0.0%,100.0%,0,0,0,0,0,0,0,0,0,0,0,0.0%,0.0%,0.0%,0.0%,0.0%,0.0%,0.0%,0.0%,0.0%,0.0%,0.0%
2022,Arizona Public Service Company,AZPS,"5,773","162,299,053","76,471,880","169,852,321","80,165,117","18,595,400","9,014,255","6,618","3,007","3,318","15,223,525","3,325,107","477,491","15,336,235",--,0.712,0.667,0.357,"1,637.343",0.179,0.026,1649.465,--,0.082,0.079,0.041,187.598,0.020,0.003,188.987,--,0.808,0.757,0.405,"1,858.605",0.203,0.029,"1,872.366",--,0.967,21.042,0.162,0.790,0.945,21.000,0.142,0.743,0.518,10.083,0.005,0.405,"2,167.814","3,858.583",865.862,"1,882.074",0.242,0.156,0.020,0.1932,0.0352,0.0312,0.0020,0.0279,"2,184.3450","3,871.7920",866.9640,"1,895.219",--,--,0.092,0.891,0.022,0.080,0.091,0.890,0.020,0.077,0.049,0.427,0.001,0.041,205.200,163.326,118.842,191.173,0.0229,0.0066,0.0028,0.0196,0.0033,0.0013,0.0003,0.0028,206.765,163.885,118.993,192.508,--,--,0.551,0.487,0.230,"1,378.738",0.106,0.015,"1,385.773",--,"12,525,404","1,506","3,650,489",0,0,"204,266","347,823","1,865,913",0,0,0,"16,177,399","2,418,001","2,418,001","16,381,664","2,213,736",67.4%,0.0%,19.6%,0.0%,0.0%,1.1%,1.9%,10.0%,0.0%,0.0%,0.0%,87.0%,13.0%,13.0%,88.1%,11.9%,"2,077,655",48,"3,473,933",0,0,"10,581",0,0,0,0,0,37.4%,0.0%,62.5%,0.0%,0.0%,0.2%,0.0%,0.0%,0.0%,0.0%,0.0%
2022,"Arlington Valley, LLC - AVBA",DEAA,713,"19,836,474","8,198,061","19,836,474","8,198,061","2,721,570","1,098,356",83,36,6,"1,178,852","44,030","4,403","1,180,058",--,0.061,0.066,0.004,866.303,0.016,0.002,867.189,--,0.008,0.009,0.001,118.857,0.002,0.000,118.979,--,0.061,0.066,0.004,866.303,0.016,0.002,867.189,--,0.000,0.000,0.061,0.061,0.000,0.000,0.066,0.066,0.000,0.000,0.004,0.004,0.000,0.000,866.303,866.303,0.000,0.000,0.016,0.0162,0.0000,0.0000,0.0016,0.0016,0.0000,0.0000,867.1890,867.189,--,--,0.000,0.000,0.008,0.008,0.000,0.000,0.009,0.009,0.000,0.000,0.001,0.001,0.000,0.000,118.857,118.857,0.0000,0.0000,0.0022,0.0022,0.0000,0.0000,0.0002,0.0002,0.000,0.000,118.979,118.979,--,--,0.061,0.066,0.004,866.303,0.016,0.002,867.189,--,0,0,"2,721,570",0,0,0,0,0,0,0,0,"2,721,570",0,0,"2,721,570",0,0.0%,0.0%,100.0%,0.0%,0.0%,0.0%,0.0%,0.0%,0.0%,0.0%,0.0%,100.0%,0.0%,0.0%,100.0%,0.0%,0,0,"1,652,272",0,0,0,0,0,0,0,0,0.0%,0.0%,100.0%,0.0%,0.0%,0.0%,0.0%,0.0%,0.0%,0.0%,0.0%
2022,"Associated Electric Cooperative, Inc.",AECI,"6,701","218,527,602","88,444,894","228,930,840","91,895,904","27,782,364","10,843,198","26,372","4,617","27,321","19,546,401","3,719,928","533,659","19,672,415",--,1.899,0.852,1.967,"1,407.109",0.134,0.019,1416.18,--,0.241,0.104,0.250,178.892,0.017,0.002,180.045,--,2.139,0.959,2.216,"1,585.171",0.151,0.022,"1,595.390",--,3.482,30.025,0.125,2.140,1.562,29.647,0.140,0.944,3.691,2.668,0.005,2.217,"2,048.852","1,503.397",892.042,"1,586.199",0.241,0.061,0.017,0.1509,0.0350,0.0122,0.0017,0.0217,"2,065.2850","1,508.5500",892.9550,"1,596.425",--,--,0.356,3.262,0.017,0.241,0.156,3.264,0.018,0.104,0.378,0.290,0.001,0.250,209.756,163.325,118.894,178.989,0.0246,0.0066,0.0022,0.0170,0.0036,0.0013,0.0002,0.0024,211.438,163.884,119.015,180.143,--,--,1.386,0.623,1.377,"1,338.059",0.100,0.014,"1,344.777",--,"14,779,458","17,870","9,848,257",0,"146,164","15,987","2,970,077","4,551",0,0,0,"24,645,585","3,136,779","2,990,615","24,661,572","3,120,792",53.2%,0.1%,35.4%,0.0%,0.5%,0.1%,10.7%,0.0%,0.0%,0.0%,0.0%,88.7%,11.3%,10.8%,88.8%,11.2%,"2,950,544",722,"4,955,962",0,0,"9,159",0,0,0,0,0,37.3%,0.0%,62.6%,0.0%,0.0%,0.1%,0.0%,0.0%,0.0%,0.0%,0.0%
2022,Avangrid Renewables LLC,AVRN,"2,475","18,415,404","5,698,251","30,994,995","11,927,663","6,138,270","2,582,204",74,20,6,"1,094,402","39,526","3,953","1,095,485",--,0.024,0.015,0.002,356.583,0.006,0.001,356.936,--,0.008,0.007,0.001,118.857,0.002,0.000,118.975,--,0.060,0.038,0.005,892.877,0.016,0.002,893.761,--,0.000,0.000,0.06,0.060,0.000,0.000,0.052,0.052,0.000,0.000,0.005,0.005,0.000,0.000,892.877,892.877,0.000,0.000,0.016,0.0161,0.0000,0.0000,0.0016,0.0016,0.0000,0.0000,893.7610,893.761,--,--,0.000,0.000,0.008,0.008,0.000,0.000,0.007,0.007,0.000,0.000,0.001,0.001,0.000,0.000,118.857,118.857,0.0000,0.0000,0.0021,0.0021,0.0000,0.0000,0.0002,0.0002,0.000,0.000,118.975,118.975,--,--,0.064,0.058,0.005,901.982,0.016,0.002,902.877,--,0,0,"2,451,405",0,0,0,"3,636,836","50,029",0,0,0,"2,451,405","3,686,865","3,686,865","2,451,405","3,686,865",0.0%,0.0%,39.9%,0.0%,0.0%,0.0%,59.2%,0.8%,0.0%,0.0%,0.0%,39.9%,60.1%,60.1%,39.9%,60.1%,0,0,"1,029,719",0,0,0,0,0,0,0,0,0.0%,0.0%,100.0%,0.0%,0.0%,0.0%,0.0%,0.0%,0.0%,0.0%,0.0%
2022,Avista Corporation,AVA,"2,209","23,991,810","9,031,133","43,327,777","17,805,234","8,440,621","3,607,065","2,084",776,678,"1,015,930","577,451","79,906","1,035,054",--,0.494,0.430,0.161,240.724,0.068,0.009,245.256,--,0.174,0.172,0.057,84.690,0.024,0.003,86.284,--,1.503,1.309,0.489,732.579,0.208,0.029,746.369,--,0.000,58.904,1.173,1.175,0.000,54.667,1.166,1.166,0.000,3.863,0.006,0.006,0.000,"2,695.315",889.563,889.631,0.000,0.101,0.017,0.0170,0.0000,0.0189,0.0017,0.0017,0.0000,"2,703.4790",890.4940,890.563,--,--,0.000,3.011,0.157,0.157,0.000,3.114,0.156,0.156,0.000,0.197,0.001,0.001,0.000,137.786,118.756,118.758,0.0000,0.0052,0.0023,0.0023,0.0000,0.0010,0.0002,0.0002,0.000,138.203,118.880,118.882,--,--,2.096,2.054,0.703,741.335,0.211,0.030,755.606,--,0,46,"1,992,882",0,"4,950,546","722,193","681,595","34,907",0,"58,452",0,"2,051,380","6,389,241","1,438,695","2,773,573","5,667,048",0.0%,0.0%,23.6%,0.0%,58.7%,8.6%,8.1%,0.4%,0.0%,0.7%,0.0%,24.3%,75.7%,17.0%,32.9%,67.1%,0,73,"734,677",0,0,"442,150",0,0,0,0,0,0.0%,0.0%,62.4%,0.0%,0.0%,37.6%,0.0%,0.0%,0.0%,0.0%,0.0%
2022,Balancing Authority of Northern California,BANC,"4,959","33,352,795","13,415,288","45,283,706","19,713,390","7,712,067","3,487,047",149,61,28,"1,930,186","72,122","7,224","1,932,164",--,0.039,0.035,0.007,500.563,0.009,0.001,501.075,--,0.009,0.009,0.002,115.744,0.002,0.000,115.862,--,0.071,0.064,0.013,915.744,0.017,0.002,916.682,--,0.000,0.000,0.072,0.072,0.000,0.000,0.075,0.075,0.000,0.000,0.007,0.007,0.000,0.000,929.960,929.960,0.000,0.000,0.017,0.0174,0.0000,0.0000,0.0017,0.0017,0.0000,0.0000,930.9130,930.913,--,--,0.000,0.000,0.009,0.009,0.000,0.000,0.009,0.009,0.000,0.000,0.001,0.001,0.000,0.000,118.802,118.802,0.0000,0.0000,0.0022,0.0022,0.0000,0.0000,0.0002,0.0002,0.000,0.000,118.923,118.923,--,--,0.074,0.080,0.007,934.297,0.017,0.002,935.257,--,0,898,"4,143,023",0,"2,952,819","71,638",0,"543,689",0,0,0,"4,143,921","3,568,146","615,327","4,215,559","3,496,508",0.0%,0.0%,53.7%,0.0%,38.3%,0.9%,0.0%,7.0%,0.0%,0.0%,0.0%,53.7%,46.3%,8.0%,54.7%,45.3%,0,0,"3,101,248",0,0,0,0,0,0,0,0,0.0%,0.0%,100.0%,0.0%,0.0%,0.0%,0.0%,0.0%,0.0%,0.0%,0.0%
2022,Bonneville Power Administration,BPAT,"30,400","124,534,326","41,244,156","419,984,210","175,194,992","111,492,046","48,187,598","6,463","2,107","1,913","8,701,663","1,494,298","214,020","8,752,231",--,0.116,0.087,0.034,156.095,0.013,0.002,157.002,--,0.104,0.102,0.031,139.747,0.012,0.002,140.559,--,0.859,0.648,0.254,"1,157.217",0.099,0.014,"1,163.942",--,2.054,0.000,0.436,0.855,2.118,0.000,0.394,0.851,0.710,0.000,0.010,0.191,"2,431.072",0.000,847.164,"1,257.289",0.278,0.000,0.016,0.0841,0.0405,0.0000,0.0016,0.0117,"2,450.1000",0.0000,848.0530,"1,262.876",--,--,0.177,0.000,0.061,0.103,0.183,0.000,0.054,0.102,0.061,0.000,0.001,0.023,209.771,0.000,118.506,151.509,0.0240,0.0000,0.0023,0.0101,0.0035,0.0000,0.0002,0.0014,211.413,0.000,118.631,152.182,--,--,0.704,0.714,0.286,"1,176.878",0.103,0.015,"1,183.932",--,"3,565,972","23,803","10,330,858","9,851,535","78,334,269","1,119,390","7,883,748","292,116","91,432",0,"(1,076)","23,771,091","87,720,955","9,386,686","15,038,946","96,453,100",3.2%,0.0%,9.3%,8.8%,70.3%,1.0%,7.1%,0.3%,0.1%,0.0%,0.0%,21.3%,78.7%,8.4%,13.5%,86.5%,"1,445,701",0,"4,161,891",0,0,"486,693",0,0,0,0,0,23.7%,0.0%,68.3%,0.0%,0.0%,8.0%,0.0%,0.0%,0.0%,0.0%,0.0%
2022,California Independent System Operator,CISO,"76,857","699,365,522","319,482,234","967,514,184","455,115,320","178,256,635","85,692,813","38,976","16,520","1,426","38,106,962","4,564,500","559,872","38,244,611",--,0.437,0.386,0.016,427.552,0.026,0.003,429.096,--,0.111,0.103,0.004,108.976,0.007,0.001,109.369,--,0.914,0.806,0.033,894.030,0.054,0.007,897.259,--,1.096,22.559,0.768,0.791,0.954,26.321,0.716,0.737,0.108,1.240,0.009,0.011,"1,084.713","1,785.611",928.308,928.343,0.120,0.075,0.016,0.0167,0.0174,0.0148,0.0016,0.0017,"1,092.9000","1,791.9030",929.2030,929.267,--,--,0.197,1.911,0.098,0.101,0.165,2.210,0.090,0.093,0.019,0.105,0.001,0.001,195.278,151.279,117.988,118.220,0.0216,0.0064,0.0021,0.0021,0.0031,0.0013,0.0002,0.0002,196.752,151.812,118.102,118.338,--,--,0.780,0.702,0.022,"1,007.822",0.041,0.005,"1,010.320",--,"251,565","151,425","79,136,652","17,593,254","13,163,053","4,820,926","14,437,903","39,634,565","8,180,223","1,048,446","(161,377)","98,019,966","80,236,670","67,073,617","85,247,638","93,008,998",0.1%,0.1%,44.4%,9.9%,7.4%,2.7%,8.1%,22.2%,4.6%,0.6%,0.0%,55.0%,45.0%,37.6%,47.8%,52.2%,"132,871","66,416","42,297,151",0,0,"1,555,524",0,0,0,"107,572",0,0.3%,0.2%,95.8%,0.0%,0.0%,3.5%,0.0%,0.0%,0.0%,0.2%,0.0%
2022,Chugach Electric Assn Inc,CEA,"1,049","16,787,116","6,275,009","17,658,649","6,669,270","2,369,697","897,180","2,669","1,001",34,"956,550","36,905","3,704","957,564",--,2.252,2.230,0.028,807.319,0.016,0.002,808.174,--,0.318,0.319,0.004,113.962,0.002,0.000,114.083,--,2.524,2.5,0.032,904.854,0.017,0.002,905.812,--,0.000,0.000,2.574,2.574,0.000,0.000,2.616,2.616,0.000,0.000,0.026,0.026,0.000,0.000,922.673,922.673,0.000,0.000,0.018,0.0178,0.0000,0.0000,0.0018,0.0018,0.0000,0.0000,923.6510,923.651,--,--,0.000,0.000,0.326,0.326,0.000,0.000,0.328,0.328,0.000,0.000,0.003,0.003,0.000,0.000,116.889,116.889,0.0000,0.0000,0.0023,0.0023,0.0000,0.0000,0.0002,0.0002,0.000,0.000,117.013,117.013,--,--,2.551,2.564,0.034,904.756,0.018,0.002,905.730,--,0,"1,543","2,071,886",0,"200,989","40,836","54,443",0,0,0,0,"2,073,429","296,268","95,279","2,114,265","255,432",0.0%,0.1%,87.4%,0.0%,8.5%,1.7%,2.3%,0.0%,0.0%,0.0%,0.0%,87.5%,12.5%,4.0%,89.2%,10.8%,0,0,"1,074,817",0,0,"26,859",0,0,0,0,0,0.0%,0.0%,97.6%,0.0%,0.0%,2.4%,0.0%,0.0%,0.0%,0.0%,0.0%
2022,City of Homestead,HST,36,417,103,417,103,"(2,114)",(530),1,0,0,34,3,1,34,--,(0.637),(0.619),(0.057),(32.219),(0.001),0.000,-32.328,--,3.228,3.185,0.288,163.335,0.007,0.001,163.891,--,(0.637),-0.619,(0.057),(32.219),(0.001),0.000,(32.328),--,0.000,(0.637),0,(0.637),0.000,(0.619),0.000,(0.619),0.000,(0.057),0.000,(0.057),0.000,(32.219),0.000,(32.219),0.000,(0.001),0.000,(0.0013),0.0000,(0.0003),0.0000,(0.0003),0.0000,(32.3280),0.0000,(32.328),--,--,0.000,3.228,0.000,3.228,0.000,3.185,0.000,3.185,0.000,0.288,0.000,0.288,0.000,163.335,0.000,163.335,0.0000,0.0066,0.0000,0.0066,0.0000,0.0013,0.0000,0.0013,0.000,163.891,0.000,163.891,--,--,0.000,0.000,0.000,0.000,0.000,0.000,0.000,--,0,"(2,093)",(21),0,0,0,0,0,0,0,0,"(2,114)",0,0,"(2,114)",0,,,,,,,,,,,,,,,,,0,0,0,0,0,0,0,0,0,0,0,,,,,,,,,,,
2022,"City of Tacoma, Department of Public Utilities, Light Division",TPWR,781,"1,681,264","804,093","11,091,896","4,869,748","2,992,259","1,300,451",136,63,9,"2,172","48,670","10,413","4,332",--,0.091,0.097,0.006,1.452,0.016,0.003,2.895,--,0.161,0.158,0.011,2.584,0.029,0.006,5.153,--,1.158,1.245,0.076,18.552,0.208,0.044,37.000,--,0.000,0.000,0,0.000,0.000,0.000,0.000,0.000,0.000,0.000,0.000,0.000,0.000,0.000,0.000,0.000,0.000,0.000,0.000,0.0000,0.0000,0.0000,0.0000,0.0000,0.0000,0.0000,0.0000,0.000,--,--,0.000,0.000,0.000,0.000,0.000,0.000,0.000,0.000,0.000,0.000,0.000,0.000,0.000,0.000,0.000,0.000,0.0000,0.0000,0.0000,0.0000,0.0000,0.0000,0.0000,0.0000,0.000,0.000,0.000,0.000,--,--,1.158,1.163,0.076,18.552,0.208,0.044,37.000,--,0,"1,579","2,951",0,"2,758,098","229,631",0,0,0,0,0,"4,530","2,987,729","229,631","234,161","2,758,098",0.0%,0.1%,0.1%,0.0%,92.2%,7.7%,0.0%,0.0%,0.0%,0.0%,0.0%,0.2%,99.8%,7.7%,7.8%,92.2%,0,0,0,0,0,"149,212",0,0,0,0,0,0.0%,0.0%,0.0%,0.0%,0.0%,100.0%,0.0%,0.0%,0.0%,0.0%,0.0%
2022,City of Tallahassee,TAL,"1,024","21,889,433","9,744,239","22,277,722","9,916,619","3,036,567","1,377,876",366,167,25,"1,301,586","51,312","5,163","1,302,997",--,0.241,0.242,0.016,857.275,0.017,0.002,858.204,--,0.033,0.034,0.002,118.924,0.002,0.000,119.053,--,0.250,0.251,0.017,890.653,0.018,0.002,891.619,--,0.000,0.000,0.25,0.250,0.000,0.000,0.251,0.251,0.000,0.000,0.017,0.017,0.000,0.000,890.653,890.653,0.000,0.000,0.018,0.0176,0.0000,0.0000,0.0018,0.0018,0.0000,0.0000,891.6190,891.619,--,--,0.000,0.000,0.033,0.033,0.000,0.000,0.034,0.034,0.000,0.000,0.002,0.002,0.000,0.000,118.924,118.924,0.0000,0.0000,0.0023,0.0023,0.0000,0.0000,0.0002,0.0002,0.000,0.000,119.053,119.053,--,--,0.267,0.271,0.016,870.141,0.018,0.002,871.112,--,0,"4,676","2,918,090",0,0,0,0,"113,801",0,0,0,"2,922,766","113,801","113,801","2,922,766","113,801",0.0%,0.2%,96.1%,0.0%,0.0%,0.0%,0.0%,3.7%,0.0%,0.0%,0.0%,96.3%,3.7%,3.7%,96.3%,3.7%,0,0,"1,914,036",0,0,0,0,0,0,0,0,0.0%,0.0%,100.0%,0.0%,0.0%,0.0%,0.0%,0.0%,0.0%,0.0%,0.0%
2022,Duke Energy Carolinas,DUK,"31,436","468,028,552","223,502,050","486,245,364","231,664,680","118,668,944","52,529,308","18,138","8,347","4,420","30,986,764","2,717,091","361,427","31,074,580",--,0.306,0.318,0.074,522.239,0.023,0.003,523.719,--,0.078,0.075,0.019,132.414,0.006,0.001,132.789,--,0.666,0.692,0.162,"1,137.292",0.050,0.007,"1,140.515",--,4.316,4.525,0.645,0.662,3.837,17.768,0.635,0.657,0.310,7.425,0.155,0.161,"3,153.871","1,075.271","1,136.543","1,144.268",0.387,0.076,0.049,0.0499,0.0564,0.0111,0.0064,0.0066,"3,180.3350","1,080.4930","1,139.6770","1,147.493",--,--,0.281,0.673,0.075,0.077,0.263,0.501,0.072,0.074,0.020,1.104,0.018,0.019,205.199,159.923,132.973,133.486,0.0252,0.0113,0.0057,0.0058,0.0037,0.0017,0.0008,0.0008,206.921,160.699,133.340,133.862,--,--,0.795,0.771,0.192,"1,221.033",0.057,0.008,"1,224.768",--,"8,015,467","174,208","45,970,311","59,538,303","1,192,548","332,225",0,"3,445,883",0,0,0,"113,698,289","4,970,655","3,778,107","54,492,211","64,176,734",6.8%,0.1%,38.7%,50.2%,1.0%,0.3%,0.0%,2.9%,0.0%,0.0%,0.0%,95.8%,4.2%,3.2%,45.9%,54.1%,"208,487","37,602","30,275,199",0,0,"114,905",0,0,0,0,0,0.7%,0.1%,98.8%,0.0%,0.0%,0.4%,0.0%,0.0%,0.0%,0.0%,0.0%
2022,Duke Energy Florida Inc,FPC,"15,281","386,601,513","190,112,663","392,198,335","192,947,734","49,350,372","23,967,176","11,467","5,563","4,532","24,860,083","3,049,517","398,470","24,957,574",--,0.465,0.464,0.184,"1,007.493",0.062,0.008,1011.444,--,0.059,0.059,0.023,128.608,0.008,0.001,129.113,--,0.481,0.48,0.190,"1,042.132",0.064,0.008,"1,046.219",--,0.566,12.552,0.302,0.392,0.533,12.550,0.298,0.370,0.390,6.021,0.012,0.140,"1,225.308","2,300.831",940.301,"1,036.991",0.085,0.093,0.018,0.0409,0.0119,0.0186,0.0019,0.0053,"1,230.9850","2,308.7130",941.3070,"1,039.581",--,--,0.070,0.891,0.038,0.049,0.065,0.891,0.037,0.046,0.048,0.427,0.002,0.018,152.375,163.326,119.153,130.558,0.0106,0.0066,0.0023,0.0051,0.0015,0.0013,0.0002,0.0007,153.081,163.885,119.280,130.884,--,--,0.523,0.511,0.174,"1,088.307",0.056,0.007,"1,091.866",--,"4,349,617","192,970","41,846,097",0,0,"844,683",0,"1,640,332",0,"378,040","98,632","46,865,357","2,485,015","2,485,015","47,710,040","1,640,332",8.8%,0.4%,84.8%,0.0%,0.0%,1.7%,0.0%,3.3%,0.0%,0.8%,0.2%,95.0%,5.0%,5.0%,96.7%,3.3%,"7,335,662","3,216","14,412,819",0,0,"459,338",0,0,0,0,0,33.0%,0.0%,64.9%,0.0%,0.0%,2.1%,0.0%,0.0%,0.0%,0.0%,0.0%
2022,Duke Energy Progress East,CPLE,"16,134","229,135,015","105,703,484","248,269,800","114,639,366","61,529,413","27,893,740","9,256","4,216","7,187","16,083,102","2,518,009","364,964","16,168,957",--,0.301,0.302,0.234,522.778,0.041,0.006,525.568,--,0.081,0.080,0.063,140.381,0.011,0.002,141.130,--,0.679,0.683,0.528,"1,180.587",0.092,0.013,"1,186.889",--,1.744,36.388,0.249,0.640,1.626,152.766,0.267,0.655,1.415,9.230,0.005,0.371,"2,263.543","3,408.835",908.998,"1,260.519",0.269,0.118,0.017,0.0825,0.0391,0.0235,0.0018,0.0115,"2,281.8980","3,418.7800",909.9630,"1,265.995",--,--,0.158,1.733,0.033,0.075,0.144,1.620,0.034,0.075,0.128,0.440,0.001,0.044,204.974,162.372,119.106,147.985,0.0243,0.0056,0.0023,0.0097,0.0035,0.0011,0.0002,0.0013,206.636,162.846,119.232,148.628,--,--,0.853,0.855,0.589,"1,393.768",0.118,0.017,"1,401.773",--,"6,637,511","155,673","18,761,241","28,883,997","578,398","1,483,097","9,972","4,811,097",0,0,"208,427","54,646,850","6,882,564","6,304,166","27,245,950","34,283,464",10.8%,0.3%,30.5%,46.9%,0.9%,2.4%,0.0%,7.8%,0.0%,0.0%,0.3%,88.8%,11.2%,10.2%,44.3%,55.7%,"6,154,763","3,050","9,723,417",0,0,"502,155",0,0,0,0,0,37.6%,0.0%,59.3%,0.0%,0.0%,3.1%,0.0%,0.0%,0.0%,0.0%,0.0%
2022,Duke Energy Progress West,CPLW,37,0,0,"143,346","72,072","41,694","20,978",0,0,0,0,0,0,0,--,0.000,0.000,0.000,0.000,0.000,0.000,0,--,,,,,,,,--,0.000,0,0.000,0.000,0.000,0.000,0.000,--,0.000,0.000,0,0.000,0.000,0.000,0.000,0.000,0.000,0.000,0.000,0.000,0.000,0.000,0.000,0.000,0.000,0.000,0.000,0.0000,0.0000,0.0000,0.0000,0.0000,0.0000,0.0000,0.0000,0.000,--,--,0.000,0.000,0.000,0.000,0.000,0.000,0.000,0.000,0.000,0.000,0.000,0.000,0.000,0.000,0.000,0.000,0.0000,0.0000,0.0000,0.0000,0.0000,0.0000,0.0000,0.0000,0.000,0.000,0.000,0.000,--,--,0.000,0.000,0.000,0.000,0.000,0.000,0.000,--,0,0,0,0,0,0,0,"42,011",0,0,(317),(317),"42,011","42,011",(317),"42,011",0.0%,0.0%,0.0%,0.0%,0.0%,0.0%,0.0%,100.0%,0.0%,0.0%,0.0%,0.0%,100.0%,100.0%,0.0%,100.0%,0,0,0,0,0,0,0,0,0,0,0,,,,,,,,,,,
2022,El Paso Electric Company,EPE,"2,107","46,709,088","25,303,777","48,166,176","25,968,489","4,984,725","2,658,160","2,446","1,349",16,"2,764,906","105,460","10,547","2,767,796",--,0.982,1.015,0.007,"1,109.351",0.021,0.002,1110.511,--,0.105,0.107,0.001,118.388,0.002,0.000,118.512,--,1.073,1.11,0.007,"1,213.296",0.023,0.002,"1,214.564",--,0.000,0.000,1.076,1.076,0.000,0.000,1.097,1.097,0.000,0.000,0.006,0.006,0.000,0.000,"1,215.843","1,215.843",0.000,0.000,0.023,0.0232,0.0000,0.0000,0.0023,0.0023,0.0000,0.0000,"1,217.1140","1,217.114",--,--,0.000,0.000,0.105,0.105,0.000,0.000,0.107,0.107,0.000,0.000,0.001,0.001,0.000,0.000,118.806,118.806,0.0000,0.0000,0.0023,0.0023,0.0000,0.0000,0.0002,0.0002,0.000,0.000,118.930,118.930,--,--,1.027,1.080,0.007,"1,217.218",0.023,0.002,"1,218.493",--,0,89,"4,548,041",0,0,"9,547","129,631","297,417",0,0,0,"4,548,130","436,595","436,595","4,557,677","427,048",0.0%,0.0%,91.2%,0.0%,0.0%,0.2%,2.6%,6.0%,0.0%,0.0%,0.0%,91.2%,8.8%,8.8%,91.4%,8.6%,0,0,"3,520,480",0,0,"7,310",0,0,0,0,0,0.0%,0.0%,99.8%,0.0%,0.0%,0.2%,0.0%,0.0%,0.0%,0.0%,0.0%
2022,"Electric Reliability Council of Texas, Inc.",ERCO,"137,606","2,352,818,225","1,200,339,447","2,783,584,692","1,380,901,812","452,926,178","215,630,972","106,822","52,988","92,976","175,153,571","22,548,795","3,121,515","175,886,462",--,0.472,0.491,0.411,773.431,0.050,0.007,776.667,--,0.091,0.088,0.079,148.888,0.010,0.001,149.511,--,0.749,0.78,0.652,"1,227.694",0.079,0.011,"1,232.831",--,1.180,4.983,0.595,0.749,1.154,4.882,0.600,0.730,2.493,9.457,0.007,0.653,"2,277.614","2,144.993",867.157,"1,230.744",0.256,0.054,0.016,0.0777,0.0372,0.0094,0.0016,0.0108,"2,295.1200","2,149.1340",868.0270,"1,235.894",--,--,0.108,0.397,0.081,0.091,0.105,0.387,0.081,0.088,0.229,0.753,0.001,0.079,208.964,170.721,118.604,149.402,0.0235,0.0043,0.0022,0.0094,0.0034,0.0007,0.0002,0.0013,210.570,171.051,118.723,150.027,--,--,0.865,0.863,0.671,"1,198.537",0.068,0.009,"1,202.845",--,"71,217,304","355,442","210,850,025","41,606,955","350,849","583,685","104,232,898","21,397,870",0,"1,980,077","351,075","326,360,878","126,565,302","126,214,452","285,337,608","167,588,572",15.7%,0.1%,46.6%,9.2%,0.1%,0.1%,23.0%,4.7%,0.0%,0.4%,0.1%,72.1%,27.9%,27.9%,63.0%,37.0%,"27,634,512","157,270","105,187,419",0,0,"317,813",0,0,0,0,0,20.7%,0.1%,78.9%,0.0%,0.0%,0.2%,0.0%,0.0%,0.0%,0.0%,0.0%
2022,Florida Municipal Power Pool,FMPP,"4,326","118,352,525","55,468,910","119,686,205","56,104,321","14,407,465","6,724,723",511,275,"1,500","8,539,321","1,010,539","138,626","8,572,608",--,0.071,0.082,0.208,"1,185.402",0.070,0.010,1190.023,--,0.009,0.010,0.025,144.303,0.009,0.001,144.866,--,0.073,0.084,0.214,"1,218.459",0.072,0.010,"1,223.209",--,0.000,0.000,0.125,0.073,0.000,0.000,0.136,0.084,0.506,0.000,0.005,0.214,"1,671.642",0.000,894.106,"1,218.459",0.150,0.000,0.017,0.0721,0.0214,0.0000,0.0016,0.0099,"1,681.7660",0.0000,895.0080,"1,223.209",--,--,0.000,0.000,0.017,0.009,0.000,0.000,0.018,0.010,0.052,0.000,0.001,0.025,171.773,0.000,118.866,144.303,0.0154,0.0000,0.0022,0.0085,0.0022,0.0000,0.0002,0.0012,172.814,0.000,118.986,144.866,--,--,0.090,0.109,0.221,"1,245.221",0.074,0.010,"1,250.105",--,"3,137,812",839,"10,855,419",0,0,"22,515",0,"390,879",0,0,0,"13,994,071","413,394","413,394","14,016,586","390,879",21.8%,0.0%,75.3%,0.0%,0.0%,0.2%,0.0%,2.7%,0.0%,0.0%,0.0%,97.1%,2.9%,2.9%,97.3%,2.7%,"2,641,873",0,"3,507,962",0,0,0,0,0,0,0,0,43.0%,0.0%,57.0%,0.0%,0.0%,0.0%,0.0%,0.0%,0.0%,0.0%,0.0%
2022,Florida Power & Light Company,FPL,"34,121","713,525,258","352,913,387","737,979,345","364,013,907","137,408,013","65,157,355","14,528","7,406","3,061","42,041,080","3,997,306","482,014","42,162,866",--,0.211,0.227,0.045,611.916,0.029,0.004,613.689,--,0.041,0.042,0.009,117.840,0.006,0.001,118.182,--,0.292,0.314,0.062,845.518,0.040,0.005,847.967,--,0.000,1.007,0.178,0.178,0.000,0.578,0.207,0.208,0.000,0.052,0.005,0.005,0.000,673.404,824.858,824.847,0.000,0.096,0.015,0.0154,0.0000,0.0193,0.0016,0.0016,0.0000,681.5470,825.7060,825.696,--,--,0.000,0.243,0.026,0.026,0.000,0.391,0.030,0.030,0.000,0.013,0.001,0.001,0.000,162.308,118.866,118.868,0.0000,0.0232,0.0022,0.0022,0.0000,0.0046,0.0002,0.0002,0.000,164.270,118.988,118.990,--,--,0.333,0.363,0.052,879.992,0.035,0.004,882.094,--,0,"153,637","97,197,589","30,768,329","230,962","1,172,637",0,"6,964,146",0,"957,355","(36,643)","129,040,268","8,367,745","8,136,783","99,444,576","37,963,437",0.0%,0.1%,70.7%,22.4%,0.2%,0.9%,0.0%,5.1%,0.0%,0.7%,0.0%,93.9%,6.1%,5.9%,72.4%,27.6%,0,"7,150","46,856,373",0,0,"962,215",0,0,0,0,0,0.0%,0.0%,98.0%,0.0%,0.0%,2.0%,0.0%,0.0%,0.0%,0.0%,0.0%
2022,Gainesville Regional Utilities,GVL,743,"23,111,418","11,827,889","23,123,638","11,833,562","1,934,286","950,813","1,136",554,168,"1,026,262","556,574","72,284","1,043,990",--,1.175,1.165,0.173,"1,061.128",0.288,0.037,1079.457,--,0.098,0.094,0.015,88.810,0.024,0.003,90.344,--,1.177,1.167,0.174,"1,063.096",0.288,0.037,"1,081.460",--,0.000,0.000,1.302,1.302,0.000,0.000,1.282,1.282,0.000,0.000,0.229,0.229,0.000,0.000,"1,323.447","1,323.447",0.000,0.000,0.030,0.0302,0.0000,0.0000,0.0034,0.0034,0.0000,0.0000,"1,325.2130","1,325.213",--,--,0.000,0.000,0.119,0.119,0.000,0.000,0.110,0.110,0.000,0.000,0.021,0.021,0.000,0.000,121.365,121.365,0.0000,0.0000,0.0028,0.0028,0.0000,0.0000,0.0003,0.0003,0.000,0.000,121.527,121.527,--,--,1.464,1.438,0.281,"1,301.071",0.185,0.024,"1,312.780",--,"31,539","1,839","1,288,541",0,0,"608,785",0,"3,582",0,0,0,"1,321,919","612,367","612,367","1,930,704","3,582",1.6%,0.1%,66.6%,0.0%,0.0%,31.5%,0.0%,0.2%,0.0%,0.0%,0.0%,68.3%,31.7%,31.7%,99.8%,0.2%,0,0,"904,079",0,0,"203,635",0,0,0,0,0,0.0%,0.0%,81.6%,0.0%,0.0%,18.4%,0.0%,0.0%,0.0%,0.0%,0.0%
2022,"Gridforce Energy Management, LLC",GRID,689,"28,352,560","9,009,889","28,352,560","9,009,889","3,859,811","1,212,571",216,69,9,"1,684,950","61,586","6,159","1,686,637",--,0.112,0.113,0.004,873.074,0.016,0.002,873.948,--,0.015,0.015,0.001,118.857,0.002,0.000,118.976,--,0.112,0.113,0.004,873.074,0.016,0.002,873.948,--,0.000,0.000,0.112,0.112,0.000,0.000,0.113,0.113,0.000,0.000,0.004,0.004,0.000,0.000,873.074,873.074,0.000,0.000,0.016,0.0160,0.0000,0.0000,0.0016,0.0016,0.0000,0.0000,873.9480,873.948,--,--,0.000,0.000,0.015,0.015,0.000,0.000,0.015,0.015,0.000,0.000,0.001,0.001,0.000,0.000,118.857,118.857,0.0000,0.0000,0.0022,0.0022,0.0000,0.0000,0.0002,0.0002,0.000,0.000,118.976,118.976,--,--,0.112,0.113,0.004,873.074,0.016,0.002,873.948,--,0,0,"3,859,811",0,0,0,0,0,0,0,0,"3,859,811",0,0,"3,859,811",0,0.0%,0.0%,100.0%,0.0%,0.0%,0.0%,0.0%,0.0%,0.0%,0.0%,0.0%,100.0%,0.0%,0.0%,100.0%,0.0%,0,0,"1,034,866",0,0,0,0,0,0,0,0,0.0%,0.0%,100.0%,0.0%,0.0%,0.0%,0.0%,0.0%,0.0%,0.0%,0.0%
2022,Gridforce South,GRIS,324,0,0,"4,259,048","1,569,872","1,248,255","460,103",0,0,0,0,0,0,0,--,0.000,0.000,0.000,0.000,0.000,0.000,0,--,0,0.000,0.000,0.000,0.000,0.000,0.000,--,,,,,,,,--,0.000,0.000,0,0.000,0.000,0.000,0.000,0.000,0.000,0.000,0.000,0.000,0.000,0.000,0.000,0.000,0.000,0.000,0.000,0.0000,0.0000,0.0000,0.0000,0.0000,0.0000,0.0000,0.0000,0.000,--,--,0.000,0.000,0.000,0.000,0.000,0.000,0.000,0.000,0.000,0.000,0.000,0.000,0.000,0.000,0.000,0.000,0.0000,0.0000,0.0000,0.0000,0.0000,0.0000,0.0000,0.0000,0.000,0.000,0.000,0.000,--,--,0.000,0.000,0.000,0.000,0.000,0.000,0.000,--,0,0,0,0,0,0,"1,248,255",0,0,0,0,0,"1,248,255","1,248,255",0,"1,248,255",0.0%,0.0%,0.0%,0.0%,0.0%,0.0%,100.0%,0.0%,0.0%,0.0%,0.0%,0.0%,100.0%,100.0%,0.0%,100.0%,0,0,0,0,0,0,0,0,0,0,0,0.0%,0.0%,0.0%,0.0%,0.0%,0.0%,0.0%,0.0%,0.0%,0.0%,0.0%
2022,GridLiance,GLHB,"1,401","40,576,455","17,877,430","40,576,455","17,877,430","3,622,746","1,533,010","2,342","1,023","10,982","4,254,759","987,871","143,665","4,288,514",--,1.293,1.335,6.063,"2,348.914",0.273,0.040,2367.549,--,0.115,0.114,0.541,209.716,0.024,0.004,211.379,--,1.293,1.335,6.063,"2,348.914",0.273,0.040,"2,367.549",--,1.293,0.000,0,1.293,1.335,0.000,0.000,1.335,6.063,0.000,0.000,6.063,"2,348.914",0.000,0.000,"2,348.914",0.273,0.000,0.000,0.2727,0.0397,0.0000,0.0000,0.0397,"2,367.5490",0.0000,0.0000,"2,367.549",--,--,0.115,0.000,0.000,0.115,0.114,0.000,0.000,0.114,0.541,0.000,0.000,0.541,209.716,0.000,0.000,209.716,0.0243,0.0000,0.0000,0.0243,0.0035,0.0000,0.0000,0.0035,211.379,0.000,0.000,211.379,--,--,1.293,1.335,6.063,"2,348.914",0.273,0.040,"2,367.549",--,"3,601,290",0,"21,456",0,0,0,0,0,0,0,0,"3,622,746",0,0,"3,622,746",0,99.4%,0.0%,0.6%,0.0%,0.0%,0.0%,0.0%,0.0%,0.0%,0.0%,0.0%,100.0%,0.0%,0.0%,100.0%,0.0%,"2,559,905",0,0,0,0,0,0,0,0,0,0,100.0%,0.0%,0.0%,0.0%,0.0%,0.0%,0.0%,0.0%,0.0%,0.0%,0.0%
2022,"Griffith Energy, LLC",GRIF,655,"21,579,467","9,029,166","21,579,467","9,029,166","2,974,820","1,219,213",102,45,6,"1,282,441","47,564","4,756","1,283,745",--,0.069,0.073,0.004,862.198,0.016,0.002,863.074,--,0.009,0.010,0.001,118.858,0.002,0.000,118.978,--,0.069,0.073,0.004,862.198,0.016,0.002,863.074,--,0.000,0.000,0.069,0.069,0.000,0.000,0.073,0.073,0.000,0.000,0.004,0.004,0.000,0.000,862.198,862.198,0.000,0.000,0.016,0.0160,0.0000,0.0000,0.0016,0.0016,0.0000,0.0000,863.0740,863.074,--,--,0.000,0.000,0.009,0.009,0.000,0.000,0.010,0.010,0.000,0.000,0.001,0.001,0.000,0.000,118.858,118.858,0.0000,0.0000,0.0022,0.0022,0.0000,0.0000,0.0002,0.0002,0.000,0.000,118.978,118.978,--,--,0.069,0.073,0.004,862.198,0.016,0.002,863.074,--,0,0,"2,974,820",0,0,0,0,0,0,0,0,"2,974,820",0,0,"2,974,820",0,0.0%,0.0%,100.0%,0.0%,0.0%,0.0%,0.0%,0.0%,0.0%,0.0%,0.0%,100.0%,0.0%,0.0%,100.0%,0.0%,0,0,"1,395,885",0,0,0,0,0,0,0,0,0.0%,0.0%,100.0%,0.0%,0.0%,0.0%,0.0%,0.0%,0.0%,0.0%,0.0%
2022,Hawaiian Electric Co Inc,HECO,"2,325","63,036,539","26,788,458","65,617,484","27,981,349","6,541,250","2,812,108","12,449","5,107","20,898","5,126,172","1,015,194","157,906","5,162,390",--,3.806,3.632,6.390,"1,567.337",0.155,0.024,1578.411,--,0.395,0.381,0.663,162.641,0.016,0.003,163.790,--,4.304,4.107,7.225,"1,772.284",0.175,0.027,"1,784.806",--,2.705,4.401,0,4.192,2.694,4.312,0.000,4.057,8.432,7.643,0.000,7.740,"2,341.087","1,668.500",0.000,"1,751.503",0.287,0.068,0.000,0.0947,0.0415,0.0135,0.0000,0.0170,"2,360.6120","1,674.2210",0.0000,"1,758.928",--,--,0.247,0.430,0.000,0.406,0.247,0.424,0.000,0.394,0.770,0.747,0.000,0.750,213.892,163.183,0.000,169.824,0.0262,0.0066,0.0000,0.0092,0.0038,0.0013,0.0000,0.0016,215.676,163.743,0.000,170.544,--,--,4.363,4.185,7.330,"1,810.290",0.177,0.028,"1,822.919",--,"647,758","4,755,213",0,0,0,"180,866","340,784","415,648",0,"201,338",(357),"5,603,952","937,298","937,298","5,784,818","756,432",9.9%,72.7%,0.0%,0.0%,0.0%,2.8%,5.2%,6.4%,0.0%,3.1%,0.0%,85.7%,14.3%,14.3%,88.4%,11.6%,"472,312","3,043,297",0,0,0,"249,680",0,0,0,0,0,12.5%,80.8%,0.0%,0.0%,0.0%,6.6%,0.0%,0.0%,0.0%,0.0%,0.0%
2022,Idaho Power Company,IPCO,"4,042","20,598,497","8,978,754","50,116,863","22,112,225","11,137,808","4,934,005",881,429,27,"1,171,789","50,234","5,230","1,173,197",--,0.158,0.174,0.005,210.417,0.005,0.000,210.669,--,0.086,0.096,0.003,113.774,0.002,0.000,113.911,--,0.695,0.764,0.021,923.769,0.020,0.002,924.879,--,0.000,34.872,0.244,0.244,0.000,34.571,0.290,0.290,0.000,3.179,0.013,0.013,0.000,"1,800.821",977.752,977.765,0.000,0.073,0.018,0.0183,0.0000,0.0146,0.0018,0.0018,0.0000,"1,806.9740",978.7600,978.774,--,--,0.000,3.163,0.030,0.030,0.000,3.163,0.034,0.034,0.000,0.288,0.002,0.002,0.000,163.330,118.932,118.933,0.0000,0.0066,0.0022,0.0022,0.0000,0.0013,0.0002,0.0002,0.000,163.888,119.055,119.056,--,--,0.805,0.927,0.018,"1,032.095",0.023,0.002,"1,033.393",--,"6,267",39,"2,390,567",0,"5,912,087","89,593","1,810,164","699,737","178,846",0,"50,508","2,447,381","8,690,427","2,778,340","2,536,974","8,600,834",0.1%,0.0%,21.5%,0.0%,53.1%,0.8%,16.3%,6.3%,1.6%,0.0%,0.5%,22.0%,78.0%,24.9%,22.8%,77.2%,0,39,"1,421,140",0,0,"33,507",0,0,0,0,0,0.0%,0.0%,97.7%,0.0%,0.0%,2.3%,0.0%,0.0%,0.0%,0.0%,0.0%
2022,Imperial Irrigation District,IID,"2,079","14,936,685","8,330,087","30,522,372","15,220,209","6,018,430","2,851,402",344,176,65,"742,841","351,561","45,445","754,007",--,0.114,0.124,0.022,246.855,0.058,0.008,250.566,--,0.046,0.042,0.009,99.465,0.024,0.003,100.960,--,0.474,0.512,0.090,"1,024.236",0.242,0.031,"1,039.631",--,0.000,0.000,0.216,0.216,0.000,0.000,0.240,0.240,0.000,0.000,0.011,0.011,0.000,0.000,"1,041.648","1,041.648",0.000,0.000,0.019,0.0193,0.0000,0.0000,0.0019,0.0019,0.0000,0.0000,"1,042.7090","1,042.709",--,--,0.000,0.000,0.025,0.025,0.000,0.000,0.027,0.027,0.000,0.000,0.001,0.001,0.000,0.000,118.908,118.908,0.0000,0.0000,0.0022,0.0022,0.0000,0.0000,0.0002,0.0002,0.000,0.000,119.030,119.030,--,--,0.346,0.329,0.050,946.228,0.129,0.016,954.345,--,0,"1,123","1,172,728",0,"221,190","279,492",0,"919,489","3,427,224",0,"(2,816)","1,171,035","4,847,396","4,626,206","1,450,527","4,567,903",0.0%,0.0%,19.5%,0.0%,3.7%,4.6%,0.0%,15.3%,56.9%,0.0%,0.0%,19.5%,80.5%,76.8%,24.1%,75.9%,0,0,"981,640",0,0,"103,643",0,0,0,0,0,0.0%,0.0%,90.5%,0.0%,0.0%,9.5%,0.0%,0.0%,0.0%,0.0%,0.0%
2022,ISO New England Inc.,ISNE,"38,739","504,241,556","238,956,036","556,273,704","257,230,438","104,847,239","46,909,514","16,103","6,607","6,065","28,256,636","6,659,596","865,519","28,468,843",--,0.307,0.282,0.116,539.006,0.064,0.008,543.054,--,0.064,0.055,0.024,112.076,0.013,0.002,112.917,--,0.504,0.462,0.190,884.058,0.104,0.014,890.697,--,2.854,3.210,0.21,0.255,4.630,2.841,0.200,0.215,0.715,4.746,0.035,0.086,"2,372.473","1,990.061",853.661,873.244,0.304,0.073,0.017,0.0188,0.0443,0.0142,0.0018,0.0021,"2,393.2960","1,996.1330",854.6140,874.355,--,--,0.246,0.259,0.030,0.035,0.330,0.199,0.028,0.030,0.062,0.382,0.005,0.012,204.732,160.342,119.722,121.159,0.0263,0.0059,0.0023,0.0026,0.0038,0.0011,0.0003,0.0003,206.529,160.832,119.855,121.313,--,--,0.454,0.327,0.242,926.254,0.073,0.010,930.952,--,"347,898","1,853,219","55,552,383","27,385,695","6,144,451","4,521,373","3,913,622","3,478,590",0,"1,658,415","(8,408)","86,789,201","18,058,037","11,913,585","63,924,879","40,922,359",0.3%,1.8%,53.0%,26.1%,5.9%,4.3%,3.7%,3.3%,0.0%,1.6%,0.0%,82.8%,17.2%,11.4%,61.0%,39.0%,"308,840","580,314","26,320,694",0,0,"1,757,919",0,0,0,0,0,1.1%,2.0%,90.9%,0.0%,0.0%,6.1%,0.0%,0.0%,0.0%,0.0%,0.0%
2022,JEA,JEA,"3,212","90,605,920","44,267,108","90,832,635","44,372,354","10,288,172","4,936,527","3,770","1,886","1,766","5,898,381","483,772","71,602","5,915,097",--,0.733,0.764,0.343,"1,146.633",0.047,0.007,1149.883,--,0.083,0.085,0.039,130.199,0.005,0.001,130.568,--,0.738,0.769,0.346,"1,154.087",0.047,0.007,"1,157.358",--,0.000,0.000,0.737,0.737,0.000,0.000,0.770,0.770,0.000,0.000,0.351,0.351,0.000,0.000,"1,180.186","1,180.186",0.000,0.000,0.044,0.0442,0.0000,0.0000,0.0066,0.0066,0.0000,0.0000,"1,183.2540","1,183.254",--,--,0.000,0.000,0.083,0.083,0.000,0.000,0.085,0.085,0.000,0.000,0.039,0.039,0.000,0.000,132.305,132.305,0.0000,0.0000,0.0050,0.0050,0.0000,0.0000,0.0007,0.0007,0.000,0.000,132.649,132.649,--,--,1.061,1.060,0.625,"1,521.242",0.064,0.009,"1,525.608",--,"496,247","881,661","8,172,359",0,0,"669,985",0,"66,447",0,"1,494",(21),"9,551,740","736,432","736,432","10,221,725","66,447",4.8%,8.6%,79.4%,0.0%,0.0%,6.5%,0.0%,0.6%,0.0%,0.0%,0.0%,92.8%,7.2%,7.2%,99.4%,0.6%,0,0,"4,709,050",0,0,"95,421",0,0,0,0,0,0.0%,0.0%,98.0%,0.0%,0.0%,2.0%,0.0%,0.0%,0.0%,0.0%,0.0%
2022,LG&E and KU Services Company as agent for Louisville Gas and Electric Company and Kentucky Utilities,LGEE,"9,951","334,403,249","151,285,977","335,616,051","151,829,390","34,240,390","15,126,719","14,857","6,144","17,740","31,695,384","6,871,238","993,429","31,929,296",--,0.868,0.812,1.036,"1,851.345",0.201,0.029,1865.008,--,0.089,0.081,0.106,189.564,0.021,0.003,190.963,--,0.877,0.821,1.047,"1,870.765",0.203,0.029,"1,884.572",--,0.980,38.867,0.244,0.876,0.889,37.657,0.302,0.820,1.218,3.628,0.004,1.047,"2,031.695","2,044.400",885.168,"1,869.877",0.233,0.083,0.016,0.2027,0.0338,0.0166,0.0016,0.0293,"2,047.6150","2,051.3840",886.0650,"1,883.677",--,--,0.096,3.105,0.033,0.089,0.086,3.115,0.037,0.081,0.119,0.290,0.001,0.106,197.974,163.326,119.024,189.573,0.0227,0.0066,0.0022,0.0205,0.0033,0.0013,0.0002,0.0030,199.525,163.884,119.145,190.972,--,--,0.889,0.820,1.037,"1,930.262",0.210,0.030,"1,944.589",--,"26,694,499","32,608","7,156,887",0,"338,410",944,0,"17,043",0,0,0,"33,883,993","356,397","17,987","33,884,937","355,453",78.0%,0.1%,20.9%,0.0%,1.0%,0.0%,0.0%,0.0%,0.0%,0.0%,0.0%,99.0%,1.0%,0.1%,99.0%,1.0%,"15,915,800",44,"1,661,300",0,0,944,0,0,0,0,0,90.5%,0.0%,9.5%,0.0%,0.0%,0.0%,0.0%,0.0%,0.0%,0.0%,0.0%
2022,Los Angeles Department of Water and Power,LDWP,"10,135","128,857,147","64,925,316","141,112,766","70,705,442","18,815,044","9,407,298","9,636","4,820","1,696","9,974,899","1,504,785","211,664","10,025,247",--,1.024,1.025,0.180,"1,060.311",0.080,0.011,1065.663,--,0.15,0.148,0.026,154.821,0.012,0.002,155.602,--,1.255,1.255,0.221,"1,298.929",0.098,0.014,"1,305.486",--,2.985,0.000,0.204,1.249,2.930,0.000,0.193,1.246,0.605,0.000,0.006,0.225,"2,098.205",0.000,879.906,"1,320.689",0.244,0.000,0.017,0.0999,0.0355,0.0000,0.0017,0.0141,"2,114.8900",0.0000,880.8130,"1,327.377",--,--,0.292,0.000,0.027,0.148,0.296,0.000,0.025,0.147,0.059,0.000,0.001,0.027,205.200,0.000,117.103,156.174,0.0239,0.0000,0.0022,0.0118,0.0035,0.0000,0.0002,0.0017,206.832,0.000,117.224,156.965,--,--,1.105,1.087,0.208,"1,294.183",0.094,0.013,"1,300.429",--,"5,495,916","14,398","9,043,747",0,"291,196","81,111","646,852","2,518,348",0,"538,214","185,263","15,277,538","3,537,507","3,246,311","15,358,649","3,456,396",29.2%,0.1%,48.1%,0.0%,1.5%,0.4%,3.4%,13.4%,0.0%,2.9%,1.0%,81.2%,18.8%,17.3%,81.6%,18.4%,"3,824,565",0,"7,227,424",0,0,"70,473",0,0,0,"154,313",0,33.9%,0.0%,64.1%,0.0%,0.0%,0.6%,0.0%,0.0%,0.0%,1.4%,0.0%
2022,"Midcontinent Independent Transmission System Operator, Inc..",MISO,"202,694","4,251,786,163","1,978,352,434","4,652,292,338","2,115,197,262","679,197,049","296,010,679","230,025","100,356","301,309","359,250,484","64,413,017","9,252,686","361,434,297",--,0.677,0.678,0.887,"1,057.868",0.095,0.014,1064.299,--,0.108,0.101,0.142,168.988,0.015,0.002,170.015,--,0.974,0.975,1.276,"1,521.370",0.136,0.020,"1,530.618",--,1.272,1.076,0.625,0.956,1.189,0.746,0.632,0.907,2.391,7.332,0.033,1.285,"2,184.783","1,130.005",908.945,"1,561.028",0.246,0.205,0.018,0.1345,0.0358,0.0312,0.0018,0.0192,"2,201.5970","1,144.4370",909.9320,"1,570.124",--,--,0.121,0.195,0.082,0.106,0.113,0.196,0.081,0.099,0.228,1.331,0.004,0.142,208.555,205.098,118.721,172.401,0.0235,0.0372,0.0023,0.0149,0.0034,0.0057,0.0002,0.0021,210.160,207.717,118.850,173.406,--,--,1.121,1.053,1.374,"1,589.764",0.141,0.020,"1,599.314",--,"225,641,189","5,104,378","225,246,902","91,353,093","8,292,410","8,981,921","100,497,316","6,781,806",0,"6,047,584","1,250,449","554,643,595","124,553,453","116,261,043","472,272,423","206,924,625",33.2%,0.8%,33.2%,13.5%,1.2%,1.3%,14.8%,1.0%,0.0%,0.9%,0.2%,81.7%,18.3%,17.1%,69.5%,30.5%,"111,812,376","3,379,855","102,483,798",0,0,"4,024,807",0,0,0,"1,098,610",0,50.2%,1.5%,46.0%,0.0%,0.0%,1.8%,0.0%,0.0%,0.0%,0.5%,0.0%
2022,"NaturEner Power Watch, LLC (GWA)",GWA,210,0,0,"1,953,647","629,818","572,581","184,589",0,0,0,0,0,0,0,--,0.000,0.000,0.000,0.000,0.000,0.000,0,--,0,0.000,0.000,0.000,0.000,0.000,0.000,--,,,,,,,,--,0.000,0.000,0,0.000,0.000,0.000,0.000,0.000,0.000,0.000,0.000,0.000,0.000,0.000,0.000,0.000,0.000,0.000,0.000,0.0000,0.0000,0.0000,0.0000,0.0000,0.0000,0.0000,0.0000,0.000,--,--,0.000,0.000,0.000,0.000,0.000,0.000,0.000,0.000,0.000,0.000,0.000,0.000,0.000,0.000,0.000,0.000,0.0000,0.0000,0.0000,0.0000,0.0000,0.0000,0.0000,0.0000,0.000,0.000,0.000,0.000,--,--,0.000,0.000,0.000,0.000,0.000,0.000,0.000,--,0,0,0,0,0,0,"572,581",0,0,0,0,0,"572,581","572,581",0,"572,581",0.0%,0.0%,0.0%,0.0%,0.0%,0.0%,100.0%,0.0%,0.0%,0.0%,0.0%,0.0%,100.0%,100.0%,0.0%,100.0%,0,0,0,0,0,0,0,0,0,0,0,0.0%,0.0%,0.0%,0.0%,0.0%,0.0%,0.0%,0.0%,0.0%,0.0%,0.0%
2022,"NaturEner Wind Watch, LLC",WWA,189,0,0,"2,304,823","705,044","675,505","206,637",0,0,0,0,0,0,0,--,0.000,0.000,0.000,0.000,0.000,0.000,0,--,0,0.000,0.000,0.000,0.000,0.000,0.000,--,,,,,,,,--,0.000,0.000,0,0.000,0.000,0.000,0.000,0.000,0.000,0.000,0.000,0.000,0.000,0.000,0.000,0.000,0.000,0.000,0.000,0.0000,0.0000,0.0000,0.0000,0.0000,0.0000,0.0000,0.0000,0.000,--,--,0.000,0.000,0.000,0.000,0.000,0.000,0.000,0.000,0.000,0.000,0.000,0.000,0.000,0.000,0.000,0.000,0.0000,0.0000,0.0000,0.0000,0.0000,0.0000,0.0000,0.0000,0.000,0.000,0.000,0.000,--,--,0.000,0.000,0.000,0.000,0.000,0.000,0.000,--,0,0,0,0,0,0,"675,505",0,0,0,0,0,"675,505","675,505",0,"675,505",0.0%,0.0%,0.0%,0.0%,0.0%,0.0%,100.0%,0.0%,0.0%,0.0%,0.0%,0.0%,100.0%,100.0%,0.0%,100.0%,0,0,0,0,0,0,0,0,0,0,0,0.0%,0.0%,0.0%,0.0%,0.0%,0.0%,0.0%,0.0%,0.0%,0.0%,0.0%
2022,Nevada Power Company,NEVP,"12,147","204,432,668","97,229,883","236,475,782","112,006,280","35,593,032","16,915,466","9,987","4,957","3,718","13,463,174","1,152,675","149,469","13,499,854",--,0.561,0.586,0.209,756.506,0.032,0.004,758.567,--,0.098,0.102,0.036,131.713,0.006,0.001,132.071,--,0.764,0.798,0.284,"1,030.094",0.044,0.006,"1,032.900",--,1.884,0.000,0.632,0.763,1.871,0.000,0.653,0.789,2.647,0.000,0.006,0.283,"2,294.307",0.000,880.288,"1,028.616",0.274,0.000,0.017,0.0441,0.0398,0.0000,0.0017,0.0057,"2,313.0280",0.0000,881.2260,"1,031.420",--,--,0.172,0.000,0.085,0.098,0.173,0.000,0.089,0.102,0.242,0.000,0.001,0.036,209.681,0.000,118.666,132.080,0.0250,0.0000,0.0023,0.0057,0.0036,0.0000,0.0002,0.0007,211.392,0.000,118.792,132.440,--,--,0.812,0.844,0.385,"1,027.816",0.045,0.006,"1,030.649",--,"2,735,262","9,106","23,324,539",0,"65,252","48,893","315,551","5,581,868","3,490,648",0,"21,913","26,090,820","9,502,212","9,436,960","26,139,713","9,453,319",7.7%,0.0%,65.5%,0.0%,0.2%,0.1%,0.9%,15.7%,9.8%,0.0%,0.1%,73.3%,26.7%,26.5%,73.4%,26.6%,"1,582,791",0,"14,359,596",0,0,"29,080",0,0,0,0,0,9.9%,0.0%,89.9%,0.0%,0.0%,0.2%,0.0%,0.0%,0.0%,0.0%,0.0%
2022,New Brunswick System Operator,NBSO,134,"2,302,080","855,302","2,966,921","1,046,440","608,292","218,656",191,69,372,"27,794","24,101","7,887","29,271",--,0.629,0.633,1.224,91.385,0.040,0.013,96.24,--,0.166,0.162,0.323,24.147,0.010,0.003,25.430,--,0.925,0.931,1.800,134.455,0.058,0.019,141.597,--,0.000,0.000,0,0.000,0.000,0.000,0.000,0.000,0.000,0.000,0.000,0.000,0.000,0.000,0.000,0.000,0.000,0.000,0.000,0.0000,0.0000,0.0000,0.0000,0.0000,0.0000,0.0000,0.0000,0.000,--,--,0.000,0.000,0.000,0.000,0.000,0.000,0.000,0.000,0.000,0.000,0.000,0.000,0.000,0.000,0.000,0.000,0.0000,0.0000,0.0000,0.0000,0.0000,0.0000,0.0000,0.0000,0.000,0.000,0.000,0.000,--,--,1.024,1.019,1.993,148.826,0.065,0.021,156.732,--,0,0,"74,565",0,"64,215","235,578","130,638",0,0,0,"103,296","177,861","430,431","366,216","413,439","194,853",0.0%,0.0%,12.3%,0.0%,10.6%,38.7%,21.5%,0.0%,0.0%,0.0%,17.0%,29.2%,70.8%,60.2%,68.0%,32.0%,0,0,0,0,0,"109,387",0,0,0,0,0,0.0%,0.0%,0.0%,0.0%,0.0%,100.0%,0.0%,0.0%,0.0%,0.0%,0.0%
2022,"New Harquahala Generating Company, LLC - HGBA",HGMA,"1,277","18,983,942","16,611,826","18,983,942","16,611,826","2,674,207","2,355,847",88,75,6,"1,128,210","42,408","4,241","1,129,372",--,0.066,0.064,0.004,843.772,0.016,0.002,844.641,--,0.009,0.009,0.001,118.859,0.002,0.000,118.982,--,0.066,0.064,0.004,843.772,0.016,0.002,844.641,--,0.000,0.000,0.066,0.066,0.000,0.000,0.064,0.064,0.000,0.000,0.004,0.004,0.000,0.000,843.772,843.772,0.000,0.000,0.016,0.0159,0.0000,0.0000,0.0016,0.0016,0.0000,0.0000,844.6410,844.641,--,--,0.000,0.000,0.009,0.009,0.000,0.000,0.009,0.009,0.000,0.000,0.001,0.001,0.000,0.000,118.859,118.859,0.0000,0.0000,0.0022,0.0022,0.0000,0.0000,0.0002,0.0002,0.000,0.000,118.982,118.982,--,--,0.066,0.064,0.004,843.772,0.016,0.002,844.641,--,0,0,"2,674,207",0,0,0,0,0,0,0,0,"2,674,207",0,0,"2,674,207",0,0.0%,0.0%,100.0%,0.0%,0.0%,0.0%,0.0%,0.0%,0.0%,0.0%,0.0%,100.0%,0.0%,0.0%,100.0%,0.0%,0,0,"2,500,216",0,0,0,0,0,0,0,0,0.0%,0.0%,100.0%,0.0%,0.0%,0.0%,0.0%,0.0%,0.0%,0.0%,0.0%
2022,New York Independent System Operator,NYIS,"44,723","564,567,752","271,124,437","681,870,105","319,178,905","130,720,861","58,881,598","13,942","6,041","4,894","32,951,464","3,531,217","439,416","33,056,225",--,0.213,0.205,0.075,504.150,0.027,0.003,505.753,--,0.049,0.045,0.017,116.732,0.006,0.001,117.103,--,0.394,0.379,0.138,931.679,0.050,0.006,934.641,--,0.000,2.642,0.272,0.304,0.000,2.628,0.245,0.272,0.000,2.197,0.072,0.101,0.000,"1,458.417",918.478,925.791,0.000,0.051,0.017,0.0174,0.0000,0.0106,0.0018,0.0019,0.0000,"1,462.8420",919.4390,926.799,--,--,0.000,0.245,0.035,0.039,0.000,0.229,0.032,0.035,0.000,0.204,0.009,0.013,0.000,135.305,119.712,120.008,0.0000,0.0047,0.0022,0.0023,0.0000,0.0010,0.0002,0.0002,0.000,135.715,119.838,120.138,--,--,0.489,0.428,0.203,"1,015.328",0.033,0.004,"1,017.191",--,0,"1,843,698","66,020,946","26,812,164","26,975,966","1,880,134","4,567,508","1,629,535",0,"1,004,883","(13,973)","95,667,717","35,053,143","8,077,177","70,735,687","59,985,173",0.0%,1.4%,50.5%,20.5%,20.6%,1.4%,3.5%,1.2%,0.0%,0.8%,0.0%,73.2%,26.8%,6.2%,54.1%,45.9%,0,"807,986","34,858,501",0,0,"598,705",0,0,0,0,0,0.0%,2.2%,96.1%,0.0%,0.0%,1.7%,0.0%,0.0%,0.0%,0.0%,0.0%
2022,No balancing authority,NA,"9,472","228,180,883","100,173,430","237,526,928","104,339,009","24,849,739","10,868,205","53,861","23,426","43,661","17,884,530","2,378,532","376,164","17,968,693",--,4.335,4.311,3.514,"1,439.414",0.096,0.015,1446.188,--,0.472,0.468,0.383,156.757,0.010,0.002,157.495,--,4.872,4.845,3.949,"1,617.735",0.108,0.017,"1,625.348",--,2.725,6.114,4.211,4.864,2.649,5.916,4.378,4.849,2.413,5.472,2.649,3.946,"2,272.104","1,714.287","1,180.116","1,615.517",0.265,0.106,0.037,0.1075,0.0386,0.0178,0.0059,0.0170,"2,290.2260","1,721.9220","1,182.7960","1,623.123",--,--,0.248,0.582,0.432,0.472,0.245,0.560,0.442,0.467,0.220,0.520,0.272,0.383,207.215,163.067,121.143,156.677,0.0242,0.0101,0.0038,0.0104,0.0035,0.0017,0.0006,0.0016,208.867,163.794,121.418,157.414,--,--,5.720,5.669,4.873,"1,645.324",0.095,0.016,"1,652.320",--,"3,689,819","11,372,688","6,899,635",0,"1,622,518","96,195","491,238","417,062","208,346",0,"52,238","22,014,380","2,835,359","1,212,841","22,110,576","2,739,164",14.8%,45.8%,27.8%,0.0%,6.5%,0.4%,2.0%,1.7%,0.8%,0.0%,0.2%,88.6%,11.4%,4.9%,89.0%,11.0%,"1,076,445","8,743,148","3,895,043",0,0,0,0,0,0,0,0,7.8%,63.8%,28.4%,0.0%,0.0%,0.0%,0.0%,0.0%,0.0%,0.0%,0.0%
2022,NorthWestern Energy (NWMT),NWMT,"3,319","133,601,030","52,596,965","150,514,017","59,314,613","17,625,833","6,924,772","11,652","4,762","14,099","13,769,171","3,114,009","453,713","13,875,700",--,1.322,1.375,1.600,"1,562.385",0.177,0.026,1574.473,--,0.174,0.181,0.211,206.124,0.023,0.003,207.718,--,1.839,1.913,2.226,"2,173.693",0.246,0.036,"2,190.510",--,1.639,1.444,6.399,1.839,1.606,1.445,9.766,1.922,1.738,17.215,0.050,2.226,"2,228.821","1,843.021","1,285.961","2,173.693",0.264,0.054,0.025,0.2458,0.0384,0.0107,0.0026,0.0358,"2,246.8530","1,847.5570","1,287.3730","2,190.510",--,--,0.154,0.177,0.592,0.174,0.150,0.178,0.889,0.181,0.164,2.108,0.005,0.211,209.732,225.678,118.995,206.124,0.0248,0.0066,0.0023,0.0233,0.0036,0.0013,0.0002,0.0034,211.429,226.233,119.126,207.718,--,--,2.876,3.693,1.623,"2,074.145",0.196,0.028,"2,087.435",--,"11,651,073","464,827","548,765",0,"3,268,686",0,"1,656,615","31,611",0,"4,257",0,"12,668,921","4,956,912","1,688,226","12,668,921","4,956,912",66.1%,2.6%,3.1%,0.0%,18.5%,0.0%,9.4%,0.2%,0.0%,0.0%,0.0%,71.9%,28.1%,9.6%,71.9%,28.1%,"1,151,197","22,940","511,749",0,0,0,0,0,0,0,0,68.3%,1.4%,30.4%,0.0%,0.0%,0.0%,0.0%,0.0%,0.0%,0.0%,0.0%
2022,PacifiCorp - East,PACE,"16,807","490,206,792","219,311,841","543,118,503","237,907,815","63,361,536","26,695,588","40,208","17,961","25,446","46,378,075","9,273,342","1,338,886","46,693,486",--,1.269,1.346,0.803,"1,463.919",0.146,0.021,1473.875,--,0.164,0.164,0.104,189.218,0.019,0.003,190.505,--,1.675,1.776,1.060,"1,932.430",0.193,0.028,"1,945.573",--,2.081,28.974,0.5,1.684,2.077,29.074,0.472,1.698,1.419,2.481,0.007,1.064,"2,290.664","1,397.837",908.262,"1,943.273",0.254,0.057,0.017,0.1944,0.0369,0.0113,0.0017,0.0281,"2,308.0160","1,402.6250",909.1930,"1,956.499",--,--,0.187,3.385,0.065,0.164,0.187,3.387,0.060,0.164,0.128,0.290,0.001,0.104,205.986,163.325,118.627,189.595,0.0228,0.0066,0.0022,0.0190,0.0033,0.0013,0.0002,0.0027,207.546,163.884,118.749,190.885,--,--,1.648,1.653,1.183,"1,937.519",0.190,0.027,"1,950.428",--,"34,936,791","36,222","12,398,549",0,"586,425","74,966","10,275,845","4,036,401","463,130","331,646","221,561","47,924,769","15,436,767","14,850,342","47,999,735","15,361,801",55.1%,0.1%,19.6%,0.0%,0.9%,0.1%,16.2%,6.4%,0.7%,0.5%,0.3%,75.6%,24.4%,23.4%,75.8%,24.2%,"15,311,646",657,"5,715,168",0,0,"7,696",0,0,0,"10,634",0,72.8%,0.0%,27.2%,0.0%,0.0%,0.0%,0.0%,0.0%,0.0%,0.1%,0.0%
2022,PacifiCorp - West,PACW,"2,817","24,030,008","9,809,932","41,612,790","18,068,648","8,114,946","3,645,242",955,328,75,"1,110,971","381,484","48,780","1,123,008",--,0.235,0.180,0.018,273.809,0.047,0.006,276.775,--,0.08,0.067,0.006,92.465,0.016,0.002,93.467,--,0.645,0.493,0.050,750.170,0.129,0.016,758.297,--,0.000,0.000,0.309,0.309,0.000,0.000,0.266,0.266,0.000,0.000,0.005,0.005,0.000,0.000,884.746,884.746,0.000,0.000,0.016,0.0164,0.0000,0.0000,0.0016,0.0016,0.0000,0.0000,885.6460,885.646,--,--,0.000,0.000,0.041,0.041,0.000,0.000,0.035,0.035,0.000,0.000,0.001,0.001,0.000,0.000,118.838,118.838,0.0000,0.0000,0.0022,0.0022,0.0000,0.0000,0.0002,0.0002,0.000,0.000,118.959,118.959,--,--,0.466,0.399,0.046,741.660,0.121,0.016,749.321,--,0,0,"2,510,751",0,"3,194,221","451,168","1,057,604","901,202",0,0,0,"2,510,751","5,604,195","2,409,974","2,961,919","5,153,027",0.0%,0.0%,30.9%,0.0%,39.4%,5.6%,13.0%,11.1%,0.0%,0.0%,0.0%,30.9%,69.1%,29.7%,36.5%,63.5%,0,0,"1,424,403",0,0,"287,182",0,0,0,0,0,0.0%,0.0%,83.2%,0.0%,0.0%,16.8%,0.0%,0.0%,0.0%,0.0%,0.0%
2022,"PJM Interconnection, LLC",PJM,"226,065","4,356,374,254","1,981,159,904","4,537,857,655","2,045,988,464","832,544,206","364,694,426","143,286","51,274","189,731","330,585,326","53,872,366","7,534,785","332,340,187",--,0.344,0.281,0.456,794.157,0.065,0.009,798.372,--,0.066,0.052,0.087,151.771,0.012,0.002,152.577,--,0.560,0.457,0.741,"1,291.869",0.105,0.015,"1,298.727",--,1.180,3.103,0.192,0.530,0.881,2.532,0.176,0.409,2.192,2.354,0.022,0.726,"2,202.957","2,048.599",873.643,"1,301.520",0.256,0.073,0.018,0.0937,0.0372,0.0120,0.0019,0.0132,"2,220.4380","2,054.0120",874.6200,"1,307.775",--,--,0.110,0.241,0.026,0.063,0.081,0.201,0.024,0.048,0.205,0.183,0.003,0.086,205.599,159.014,119.285,154.607,0.0239,0.0057,0.0024,0.0111,0.0035,0.0009,0.0003,0.0016,207.231,159.434,119.418,155.350,--,--,0.816,0.639,0.964,"1,528.800",0.135,0.019,"1,537.746",--,"158,822,174","2,857,951","338,366,090","270,586,215","6,505,977","7,747,736","31,417,115","12,241,147",0,"4,055,324","(55,524)","774,632,230","57,911,974","51,405,997","511,793,752","320,750,453",19.1%,0.3%,40.6%,32.5%,0.8%,0.9%,3.8%,1.5%,0.0%,0.5%,0.0%,93.0%,7.0%,6.2%,61.5%,38.5%,"90,513,411","1,916,834","108,657,131",0,0,"3,454,132",0,0,0,"1,564,574",0,43.9%,0.9%,52.7%,0.0%,0.0%,1.7%,0.0%,0.0%,0.0%,0.8%,0.0%
2022,Portland General Electric Company,PGE,"3,694","75,634,238","24,859,730","87,287,584","30,343,122","11,782,261","4,419,265","9,795","3,328",177,"4,462,536","237,126","26,875","4,469,505",--,1.663,1.506,0.030,757.501,0.020,0.002,758.684,--,0.259,0.268,0.005,118.003,0.003,0.000,118.187,--,2.341,2.121,0.042,"1,066.686",0.028,0.003,"1,068.352",--,0.000,0.000,2.217,2.217,0.000,0.000,2.207,2.207,0.000,0.000,0.010,0.010,0.000,0.000,"1,058.587","1,058.587",0.000,0.000,0.016,0.0164,0.0000,0.0000,0.0016,0.0016,0.0000,0.0000,"1,059.4850","1,059.485",--,--,0.000,0.000,0.248,0.248,0.000,0.000,0.253,0.253,0.000,0.000,0.001,0.001,0.000,0.000,118.469,118.469,0.0000,0.0000,0.0018,0.0018,0.0000,0.0000,0.0002,0.0002,0.000,0.000,118.570,118.570,--,--,4.035,3.985,0.043,"1,128.964",0.028,0.003,"1,130.587",--,0,"1,477","8,281,084",0,"1,675,257","48,269","1,503,574","236,326",0,"36,644",(371),"8,318,835","3,463,426","1,788,169","8,367,104","3,415,157",0.0%,0.0%,70.3%,0.0%,14.2%,0.4%,12.8%,2.0%,0.0%,0.3%,0.0%,70.6%,29.4%,15.2%,71.0%,29.0%,0,0,"3,540,640",0,0,"26,334",0,0,0,0,0,0.0%,0.0%,99.3%,0.0%,0.0%,0.7%,0.0%,0.0%,0.0%,0.0%,0.0%
2022,Public Service Company of Colorado,PSCO,"13,825","195,327,979","88,203,283","251,879,234","110,793,303","35,635,423","15,327,342","5,947","2,752","4,095","15,158,346","2,237,511","314,036","15,233,106",--,0.334,0.359,0.230,850.746,0.063,0.009,854.942,--,0.061,0.062,0.042,155.209,0.011,0.002,155.975,--,0.627,0.674,0.432,"1,597.555",0.118,0.017,"1,605.434",--,0.716,(4.019),0.544,0.614,0.717,(3.971),0.566,0.625,1.064,(0.349),0.007,0.433,"2,278.298",(197.034),"1,158.882","1,610.239",0.254,(0.008),0.020,0.1142,0.0369,(0.0016),0.0020,0.0161,"2,295.6610",(197.7080),"1,159.9670","1,617.886",--,--,0.065,3.331,0.056,0.060,0.065,3.338,0.058,0.061,0.096,0.289,0.001,0.042,205.823,163.324,118.865,156.606,0.0230,0.0066,0.0020,0.0111,0.0033,0.0013,0.0002,0.0016,207.391,163.882,118.976,157.350,--,--,0.667,0.680,0.252,"1,448.638",0.082,0.011,"1,454.017",--,"7,414,458","13,078","11,399,992",0,"247,197","149,513","14,453,736","1,957,562",0,0,(113),"18,827,415","16,808,008","16,560,811","18,976,928","16,658,495",20.8%,0.0%,32.0%,0.0%,0.7%,0.4%,40.6%,5.5%,0.0%,0.0%,0.0%,52.8%,47.2%,46.5%,53.3%,46.7%,"3,325,211",0,"8,875,895",0,0,"34,725",0,0,0,0,0,27.2%,0.0%,72.5%,0.0%,0.0%,0.3%,0.0%,0.0%,0.0%,0.0%,0.0%
2022,Public Service Company of New Mexico,PNM,"5,894","79,044,091","37,697,301","110,054,435","48,648,210","17,232,752","7,055,407","5,399","2,559",634,"6,397,504","955,377","135,016","6,429,564",--,0.627,0.725,0.074,742.482,0.055,0.008,746.203,--,0.137,0.136,0.016,161.872,0.012,0.002,162.683,--,1.326,1.535,0.156,"1,571.069",0.117,0.017,"1,578.942",--,2.800,0.000,0.427,1.337,2.896,0.000,0.383,1.342,0.390,0.000,0.005,0.153,"2,626.754",0.000,935.913,"1,584.114",0.280,0.000,0.018,0.1183,0.0407,0.0000,0.0018,0.0167,"2,645.8880",0.0000,936.8910,"1,592.052",--,--,0.224,0.000,0.054,0.138,0.224,0.000,0.049,0.137,0.031,0.000,0.001,0.016,209.747,0.000,118.663,163.910,0.0223,0.0000,0.0023,0.0122,0.0033,0.0000,0.0002,0.0017,211.275,0.000,118.787,164.731,--,--,1.628,1.634,0.182,"1,742.419",0.137,0.019,"1,751.641",--,"3,082,577","18,755","4,968,221",0,0,"74,976","7,914,271","1,127,262","47,080",0,(389),"8,069,164","9,163,589","9,163,589","8,144,139","9,088,613",17.9%,0.1%,28.8%,0.0%,0.0%,0.4%,45.9%,6.5%,0.3%,0.0%,0.0%,46.8%,53.2%,53.2%,47.3%,52.7%,"2,154,355",0,"2,594,385",0,0,"20,128",0,0,0,0,0,45.2%,0.0%,54.4%,0.0%,0.0%,0.4%,0.0%,0.0%,0.0%,0.0%,0.0%
2022,Public Utility District No. 1 of Chelan County,CHPD,"1,988",0,0,"32,344,946","14,621,465","9,479,761","4,285,306",0,0,0,0,0,0,0,--,0.000,0.000,0.000,0.000,0.000,0.000,0,--,0,0.000,0.000,0.000,0.000,0.000,0.000,--,,,,,,,,--,0.000,0.000,0,0.000,0.000,0.000,0.000,0.000,0.000,0.000,0.000,0.000,0.000,0.000,0.000,0.000,0.000,0.000,0.000,0.0000,0.0000,0.0000,0.0000,0.0000,0.0000,0.0000,0.0000,0.000,--,--,0.000,0.000,0.000,0.000,0.000,0.000,0.000,0.000,0.000,0.000,0.000,0.000,0.000,0.000,0.000,0.000,0.0000,0.0000,0.0000,0.0000,0.0000,0.0000,0.0000,0.0000,0.000,0.000,0.000,0.000,--,--,0.000,0.000,0.000,0.000,0.000,0.000,0.000,--,0,0,0,0,"9,479,761",0,0,0,0,0,0,0,"9,479,761",0,0,"9,479,761",0.0%,0.0%,0.0%,0.0%,100.0%,0.0%,0.0%,0.0%,0.0%,0.0%,0.0%,0.0%,100.0%,0.0%,0.0%,100.0%,0,0,0,0,0,0,0,0,0,0,0,0.0%,0.0%,0.0%,0.0%,0.0%,0.0%,0.0%,0.0%,0.0%,0.0%,0.0%
2022,"Public Utility District No. 2 of Grant County, Washington",GCPD,"1,236",0,0,"18,620,199","8,199,550","5,457,268","2,403,150",0,0,0,0,0,0,0,--,0.000,0.000,0.000,0.000,0.000,0.000,0,--,0,0.000,0.000,0.000,0.000,0.000,0.000,--,,,,,,,,--,0.000,0.000,0,0.000,0.000,0.000,0.000,0.000,0.000,0.000,0.000,0.000,0.000,0.000,0.000,0.000,0.000,0.000,0.000,0.0000,0.0000,0.0000,0.0000,0.0000,0.0000,0.0000,0.0000,0.000,--,--,0.000,0.000,0.000,0.000,0.000,0.000,0.000,0.000,0.000,0.000,0.000,0.000,0.000,0.000,0.000,0.000,0.0000,0.0000,0.0000,0.0000,0.0000,0.0000,0.0000,0.0000,0.000,0.000,0.000,0.000,--,--,0.000,0.000,0.000,0.000,0.000,0.000,0.000,--,0,0,0,0,"5,457,268",0,0,0,0,0,0,0,"5,457,268",0,0,"5,457,268",0.0%,0.0%,0.0%,0.0%,100.0%,0.0%,0.0%,0.0%,0.0%,0.0%,0.0%,0.0%,100.0%,0.0%,0.0%,100.0%,0,0,0,0,0,0,0,0,0,0,0,0.0%,0.0%,0.0%,0.0%,0.0%,0.0%,0.0%,0.0%,0.0%,0.0%,0.0%
2022,PUD No. 1 of Douglas County,DOPD,774,0,0,"15,310,447","6,951,913","4,487,235","2,037,489",0,0,0,0,0,0,0,--,0.000,0.000,0.000,0.000,0.000,0.000,0,--,0,0.000,0.000,0.000,0.000,0.000,0.000,--,,,,,,,,--,0.000,0.000,0,0.000,0.000,0.000,0.000,0.000,0.000,0.000,0.000,0.000,0.000,0.000,0.000,0.000,0.000,0.000,0.000,0.0000,0.0000,0.0000,0.0000,0.0000,0.0000,0.0000,0.0000,0.000,--,--,0.000,0.000,0.000,0.000,0.000,0.000,0.000,0.000,0.000,0.000,0.000,0.000,0.000,0.000,0.000,0.000,0.0000,0.0000,0.0000,0.0000,0.0000,0.0000,0.0000,0.0000,0.000,0.000,0.000,0.000,--,--,0.000,0.000,0.000,0.000,0.000,0.000,0.000,--,0,0,0,0,"4,487,235",0,0,0,0,0,0,0,"4,487,235",0,0,"4,487,235",0.0%,0.0%,0.0%,0.0%,100.0%,0.0%,0.0%,0.0%,0.0%,0.0%,0.0%,0.0%,100.0%,0.0%,0.0%,100.0%,0,0,0,0,0,0,0,0,0,0,0,0.0%,0.0%,0.0%,0.0%,0.0%,0.0%,0.0%,0.0%,0.0%,0.0%,0.0%
2022,Puget Sound Energy,PSEI,"3,339","45,776,719","17,687,546","53,444,568","20,563,899","8,692,500","3,315,108","1,049",403,47,"2,669,159","137,771","14,970","2,673,111",--,0.241,0.243,0.011,614.129,0.016,0.002,615.039,--,0.046,0.046,0.002,116.616,0.003,0.000,116.789,--,0.326,0.328,0.015,828.265,0.021,0.002,829.491,--,0.000,35.576,0.318,0.322,0.000,41.040,0.325,0.325,0.000,3.242,0.011,0.011,0.000,"1,825.627",844.361,844.489,0.000,0.074,0.016,0.0162,0.0000,0.0148,0.0016,0.0016,0.0000,"1,831.8810",845.2540,845.382,--,--,0.000,3.183,0.045,0.045,0.000,3.186,0.046,0.046,0.000,0.290,0.002,0.002,0.000,163.326,118.660,118.670,0.0000,0.0066,0.0023,0.0023,0.0000,0.0013,0.0002,0.0002,0.000,163.885,118.786,118.795,--,--,0.236,0.219,0.016,845.280,0.026,0.003,846.794,--,0,"16,080","6,049,984",0,"899,941","123,965","1,337,005","10,373",0,"255,295",(143),"6,321,216","2,371,284","1,471,343","6,445,181","2,247,319",0.0%,0.2%,69.6%,0.0%,10.4%,1.4%,15.4%,0.1%,0.0%,2.9%,0.0%,72.7%,27.3%,16.9%,74.1%,25.9%,0,821,"2,857,228",0,0,"65,164",0,0,0,0,0,0.0%,0.0%,97.7%,0.0%,0.0%,2.2%,0.0%,0.0%,0.0%,0.0%,0.0%
2022,Salt River Project,SRP,"13,171","190,658,879","97,506,993","195,353,132","99,886,782","57,876,473","27,170,086","6,612","3,814",228,"12,988,460","1,128,155","150,774","13,025,027",--,0.228,0.281,0.008,448.834,0.019,0.003,450.097,--,0.069,0.078,0.002,136.248,0.006,0.001,136.632,--,0.541,0.665,0.019,"1,062.444",0.046,0.006,"1,065.435",--,1.938,0.000,0.347,0.541,2.093,0.000,0.347,0.617,0.106,0.000,0.007,0.019,"2,604.689",0.000,848.744,"1,062.282",0.281,0.000,0.014,0.0461,0.0408,0.0000,0.0014,0.0062,"2,623.8680",0.0000,849.4930,"1,065.272",--,--,0.156,0.000,0.049,0.069,0.173,0.000,0.049,0.078,0.009,0.000,0.001,0.002,209.596,0.000,118.613,136.248,0.0226,0.0000,0.0019,0.0059,0.0033,0.0000,0.0002,0.0008,211.140,0.000,118.717,136.632,--,--,0.552,0.623,0.020,"1,085.352",0.051,0.007,"1,088.629",--,"2,966,248","7,552","21,483,743","31,942,793","221,041",0,"111,458","1,151,030",0,0,"(7,392)","56,392,944","1,483,529","1,262,488","24,450,151","33,426,322",5.1%,0.0%,37.1%,55.2%,0.4%,0.0%,0.2%,2.0%,0.0%,0.0%,0.0%,97.4%,2.6%,2.2%,42.2%,57.8%,"1,917,670",0,"12,408,008",0,0,0,0,0,0,0,0,13.4%,0.0%,86.6%,0.0%,0.0%,0.0%,0.0%,0.0%,0.0%,0.0%,0.0%
2022,Seattle City Light,SCL,"2,029","138,859","42,751","21,199,733","9,908,271","6,191,788","2,897,329",139,57,0,"4,588",314,31,"4,597",--,0.045,0.039,0.000,1.482,0.000,0.000,1.485,--,2.006,2.659,0.005,66.085,0.002,0.000,66.208,--,14.507,12.655,0.034,477.987,0.016,0.002,478.882,--,0.000,0.000,1.356,1.356,0.000,0.000,1.630,1.630,0.000,0.000,0.029,0.029,0.000,0.000,"1,015.867","1,015.867",0.000,0.000,0.019,0.0192,0.0000,0.0000,0.0019,0.0019,0.0000,0.0000,"1,016.9180","1,016.918",--,--,0.000,0.000,0.156,0.156,0.000,0.000,0.155,0.155,0.000,0.000,0.003,0.003,0.000,0.000,116.909,116.909,0.0000,0.0000,0.0022,0.0022,0.0000,0.0000,0.0002,0.0002,0.000,0.000,117.030,117.030,--,--,13.942,18.775,0.034,501.095,0.016,0.002,501.997,--,0,46,"8,987",0,"6,172,590","10,165",0,0,0,0,0,"9,033","6,182,755","10,165","19,198","6,172,590",0.0%,0.0%,0.1%,0.0%,99.7%,0.2%,0.0%,0.0%,0.0%,0.0%,0.0%,0.1%,99.9%,0.2%,0.3%,99.7%,0,0,"9,033",0,0,"9,280",0,0,0,0,0,0.0%,0.0%,49.3%,0.0%,0.0%,50.7%,0.0%,0.0%,0.0%,0.0%,0.0%
2022,Seminole Electric Cooperative,SEC,"3,467","89,950,788","39,304,203","89,950,788","39,304,203","10,260,527","4,435,898","2,414","1,041","4,953","8,010,812","1,599,074","229,569","8,065,006",--,0.471,0.470,0.965,"1,561.481",0.156,0.022,1572.045,--,0.054,0.053,0.110,178.115,0.018,0.003,179.320,--,0.471,0.47,0.965,"1,561.481",0.156,0.022,"1,572.045",--,0.593,0.000,0.261,0.471,0.595,0.000,0.283,0.470,1.523,0.000,0.004,0.966,"1,958.120",0.000,881.612,"1,563.386",0.237,0.000,0.016,0.1560,0.0344,0.0000,0.0016,0.0224,"1,974.3040",0.0000,882.5020,"1,573.962",--,--,0.062,0.000,0.035,0.054,0.061,0.000,0.037,0.053,0.160,0.000,0.001,0.110,205.200,0.000,118.860,178.403,0.0248,0.0000,0.0022,0.0178,0.0036,0.0000,0.0002,0.0026,206.896,0.000,118.980,179.610,--,--,0.510,0.508,1.143,"1,689.002",0.182,0.026,"1,701.363",--,"6,046,180","23,219","4,178,629",0,0,"12,499",0,0,0,0,0,"10,248,028","12,499","12,499","10,260,527",0,58.9%,0.2%,40.7%,0.0%,0.0%,0.1%,0.0%,0.0%,0.0%,0.0%,0.0%,99.9%,0.1%,0.1%,100.0%,0.0%,"5,585,874",0,"1,861,872",0,0,0,0,0,0,0,0,75.0%,0.0%,25.0%,0.0%,0.0%,0.0%,0.0%,0.0%,0.0%,0.0%,0.0%
2022,South Carolina Electric & Gas Company,SCEG,"8,126","141,974,365","70,218,143","149,318,766","73,841,392","27,571,276","12,863,215","6,120","2,712","2,036","10,081,552","1,457,996","209,121","10,130,936",--,0.444,0.422,0.148,731.308,0.053,0.008,734.891,--,0.086,0.077,0.029,142.019,0.010,0.001,142.715,--,0.720,0.684,0.240,"1,186.294",0.086,0.012,"1,192.105",--,1.978,14.368,0.313,0.692,1.782,11.851,0.274,0.628,0.531,4.568,0.120,0.214,"2,124.970","2,584.273",992.638,"1,247.115",0.249,0.085,0.028,0.0771,0.0362,0.0160,0.0033,0.0107,"2,141.9650","2,591.1450",994.3040,"1,252.219",--,--,0.191,0.908,0.039,0.081,0.168,0.747,0.034,0.073,0.051,0.289,0.015,0.025,205.199,163.326,124.609,146.636,0.0240,0.0054,0.0035,0.0091,0.0035,0.0010,0.0004,0.0013,206.840,163.760,124.818,147.237,--,--,0.871,0.793,0.261,"1,303.122",0.102,0.015,"1,309.986",--,"4,313,086","71,046","11,809,189","8,591,733","75,390","796,388",0,"1,907,442",0,"7,150",(148),"24,792,056","2,779,220","2,703,830","16,996,711","10,574,565",15.6%,0.3%,42.8%,31.2%,0.3%,2.9%,0.0%,6.9%,0.0%,0.0%,0.0%,89.9%,10.1%,9.8%,61.6%,38.4%,"3,127,202","6,214","7,007,744",0,0,"470,277",0,0,0,0,0,29.5%,0.1%,66.0%,0.0%,0.0%,4.4%,0.0%,0.0%,0.0%,0.0%,0.0%
2022,South Carolina Public Service Authority,SC,"5,605","166,621,392","76,309,497","168,723,543","77,116,765","17,070,557","7,627,436","5,399","2,371","4,622","14,174,284","2,995,155","431,006","14,275,943",--,0.633,0.622,0.542,"1,660.670",0.175,0.025,1672.581,--,0.065,0.062,0.055,170.138,0.018,0.003,171.358,--,0.656,0.645,0.562,"1,722.851",0.182,0.026,"1,735.207",--,0.824,31.381,0.181,0.602,0.858,29.816,0.170,0.587,0.854,13.078,0.005,0.550,"2,265.483","4,271.110","1,004.173","1,807.751",0.246,0.173,0.019,0.1632,0.0358,0.0346,0.0019,0.0234,"2,282.2820","4,285.7660","1,005.1990","1,818.816",--,--,0.075,1.200,0.021,0.060,0.076,1.200,0.019,0.057,0.077,0.500,0.001,0.054,205.200,163.326,118.791,178.883,0.0223,0.0066,0.0022,0.0161,0.0032,0.0013,0.0002,0.0023,206.721,163.886,118.913,179.977,--,--,0.731,0.732,0.712,"1,974.431",0.202,0.029,"1,988.253",--,"9,912,153","55,651","5,709,401",0,"419,270","742,323",0,"196,835",0,"34,924",0,"15,712,129","1,358,428","939,158","16,454,452","616,105",58.1%,0.3%,33.4%,0.0%,2.5%,4.3%,0.0%,1.2%,0.0%,0.2%,0.0%,92.0%,8.0%,5.5%,96.4%,3.6%,"7,823,761","6,104","1,998,067",0,0,"249,491",0,0,0,0,0,77.6%,0.1%,19.8%,0.0%,0.0%,2.5%,0.0%,0.0%,0.0%,0.0%,0.0%
2022,Southeastern Power Administration,SEPA,"1,437","21,176","8,614","4,860,132","1,871,863","1,412,155","473,827",1,0,0,0,"1,494",196,48,--,0.001,0.002,0.000,0.000,0.001,0.000,0.068,--,0.092,0.092,0.025,0.000,0.071,0.009,4.523,--,0.576,0.698,0.157,0.000,0.442,0.058,28.312,--,0.000,0.000,0,0.000,0.000,0.000,0.000,0.000,0.000,0.000,0.000,0.000,0.000,0.000,0.000,0.000,0.000,0.000,0.000,0.0000,0.0000,0.0000,0.0000,0.0000,0.0000,0.0000,0.0000,0.000,--,--,0.000,0.000,0.000,0.000,0.000,0.000,0.000,0.000,0.000,0.000,0.000,0.000,0.000,0.000,0.000,0.000,0.0000,0.0000,0.0000,0.0000,0.0000,0.0000,0.0000,0.0000,0.000,0.000,0.000,0.000,--,--,0.576,0.576,0.157,0.000,0.442,0.058,28.312,--,0,0,0,0,"1,358,663","3,383",0,"50,109",0,0,0,0,"1,412,155","53,492","3,383","1,408,772",0.0%,0.0%,0.0%,0.0%,96.2%,0.2%,0.0%,3.5%,0.0%,0.0%,0.0%,0.0%,100.0%,3.8%,0.2%,99.8%,0,0,0,0,0,"3,230",0,0,0,0,0,0.0%,0.0%,0.0%,0.0%,0.0%,100.0%,0.0%,0.0%,0.0%,0.0%,0.0%
2022,"Southern Company Services, Inc. - Trans",SOCO,"71,376","1,606,894,024","784,668,756","1,661,951,236","809,808,121","255,360,623","119,416,229","48,945","20,655","19,085","114,089,292","16,438,318","2,382,230","114,648,855",--,0.383,0.346,0.149,893.554,0.064,0.009,897.937,--,0.061,0.053,0.024,142.000,0.010,0.001,142.696,--,0.508,0.458,0.198,"1,183.501",0.085,0.012,"1,189.305",--,0.902,2.433,0.222,0.471,0.735,1.942,0.252,0.416,0.338,1.815,0.006,0.131,"1,894.402",791.732,889.454,"1,246.273",0.181,0.088,0.017,0.0755,0.0261,0.0175,0.0017,0.0105,"1,906.7240",799.1450,890.3750,"1,251.270",--,--,0.090,0.387,0.030,0.056,0.072,0.330,0.032,0.048,0.034,0.288,0.001,0.016,188.773,125.823,118.833,148.593,0.0181,0.0140,0.0022,0.0090,0.0026,0.0028,0.0002,0.0012,190.001,127.001,118.956,149.189,--,--,0.793,0.618,0.311,"1,361.979",0.094,0.014,"1,368.328",--,"45,464,600","602,255","137,016,664","47,061,787","7,396,089","9,657,808",0,"8,103,018",0,"62,218","(3,815)","230,203,709","25,156,915","17,760,826","192,799,730","62,560,894",17.8%,0.2%,53.7%,18.4%,2.9%,3.8%,0.0%,3.2%,0.0%,0.0%,0.0%,90.1%,9.9%,7.0%,75.5%,24.5%,"28,788,455","310,999","35,539,770",0,0,"2,870,107",0,0,0,0,0,42.6%,0.5%,52.6%,0.0%,0.0%,4.3%,0.0%,0.0%,0.0%,0.0%,0.0%
2022,Southwest Power Pool,SWPP,"97,927","1,537,246,310","799,404,279","1,926,255,352","944,736,740","282,495,151","129,074,545","107,585","55,479","119,922","136,047,395","25,205,810","3,628,919","136,903,176",--,0.762,0.860,0.849,963.184,0.089,0.013,969.243,--,0.14,0.139,0.156,177.001,0.016,0.002,178.115,--,1.395,1.574,1.555,"1,764.028",0.163,0.024,"1,775.124",--,1.512,(7.899),1.132,1.398,1.484,(11.168),1.180,1.393,2.427,(0.937),0.018,1.551,"2,200.603",(962.521),"1,045.859","1,783.433",0.247,(0.033),0.020,0.1644,0.0359,(0.0066),0.0020,0.0236,"2,217.4830",(965.3250),"1,046.9430","1,794.566",--,--,0.142,1.338,0.129,0.140,0.140,1.298,0.131,0.138,0.227,0.159,0.002,0.155,205.965,163.060,119.028,178.017,0.0231,0.0056,0.0022,0.0164,0.0034,0.0011,0.0002,0.0024,207.545,163.535,119.151,179.128,--,--,1.517,1.502,1.329,"1,702.369",0.144,0.021,"1,712.089",--,"90,636,879","(9,595)","61,851,947","14,600,463","8,096,236","1,256,677","104,643,911","908,211",0,"237,598","272,823","167,590,115","114,905,035","106,808,799","154,246,329","128,248,821",32.1%,0.0%,21.9%,5.2%,2.9%,0.4%,37.0%,0.3%,0.0%,0.1%,0.1%,59.3%,40.7%,37.8%,54.6%,45.4%,"51,907,221","64,907","40,590,331",0,0,"545,543",0,0,0,"44,528",0,55.7%,0.1%,43.6%,0.0%,0.0%,0.6%,0.0%,0.0%,0.0%,0.0%,0.0%
2022,Southwestern Power Administration,SPA,"2,498","16,970,622","7,031,263","36,111,672","15,091,518","7,380,307","3,170,024",897,362,"4,794","1,779,229","387,257","56,338","1,792,464",--,0.243,0.228,1.299,482.156,0.052,0.008,485.742,--,0.106,0.103,0.565,209.683,0.023,0.003,211.243,--,1.173,1.101,6.272,"2,327.533",0.253,0.037,"2,344.847",--,1.136,30.766,22.383,1.173,1.116,30.818,22.400,1.146,6.278,2.785,0.034,6.272,"2,328.694","1,568.808","1,277.294","2,327.533",0.254,0.064,0.024,0.2533,0.0369,0.0127,0.0024,0.0368,"2,346.0260","1,574.1820","1,278.6170","2,344.846",--,--,0.102,3.203,2.048,0.106,0.100,3.204,2.049,0.103,0.565,0.290,0.003,0.565,209.760,163.326,116.889,209.683,0.0228,0.0066,0.0022,0.0228,0.0033,0.0013,0.0002,0.0033,211.321,163.885,117.010,211.243,--,--,1.303,1.252,6.251,"2,323.449",0.252,0.037,"2,340.699",--,"1,525,296","2,910",647,0,"4,264,773",0,"1,551,153","35,527",0,0,0,"1,528,854","5,851,453","1,586,680","1,528,854","5,851,453",20.7%,0.0%,0.0%,0.0%,57.8%,0.0%,21.0%,0.5%,0.0%,0.0%,0.0%,20.7%,79.3%,21.5%,20.7%,79.3%,"336,471","1,442",647,0,0,0,0,0,0,0,0,99.4%,0.4%,0.2%,0.0%,0.0%,0.0%,0.0%,0.0%,0.0%,0.0%,0.0%
2022,Tampa Electric Company,TEC,"8,600","161,307,535","76,761,273","169,082,904","79,355,641","23,550,523","11,660,670","3,089","1,338","1,794","10,148,316","1,232,766","156,100","10,186,954",--,0.262,0.229,0.152,861.834,0.052,0.007,865.115,--,0.038,0.035,0.022,125.826,0.008,0.001,126.305,--,0.280,0.245,0.163,919.674,0.056,0.007,923.175,--,0.811,0.000,0.119,0.214,0.863,0.000,0.114,0.189,0.707,0.000,0.009,0.105,"1,800.057",0.000,786.038,926.479,0.122,0.000,0.016,0.0310,0.0172,0.0000,0.0016,0.0038,"1,808.2530",0.0000,786.9350,928.387,--,--,0.070,0.000,0.018,0.029,0.074,0.000,0.018,0.027,0.061,0.000,0.001,0.014,154.233,0.000,118.864,126.681,0.0105,0.0000,0.0025,0.0042,0.0015,0.0000,0.0002,0.0005,154.936,0.000,118.999,126.942,--,--,0.276,0.237,0.175,948.451,0.049,0.006,951.533,--,"1,166,149","15,185","19,716,526",0,0,"168,224",0,"1,481,139",0,"205,606","797,694","21,901,160","1,649,363","1,649,363","22,069,384","1,481,139",5.0%,0.1%,83.7%,0.0%,0.0%,0.7%,0.0%,6.3%,0.0%,0.9%,3.4%,93.0%,7.0%,7.0%,93.7%,6.3%,"2,898,348",0,"10,746,176",0,0,"109,961",0,0,0,0,0,21.1%,0.0%,78.1%,0.0%,0.0%,0.8%,0.0%,0.0%,0.0%,0.0%,0.0%
2022,Tennessee Valley Authority,TVA,"42,753","723,466,883","350,401,544","790,927,304","378,849,939","166,928,426","75,578,423","21,156","9,346","28,604","55,667,884","7,807,246","1,105,544","55,930,201",--,0.253,0.247,0.343,666.967,0.047,0.007,670.11,--,0.058,0.053,0.079,153.892,0.011,0.002,154.617,--,0.512,0.499,0.692,"1,346.467",0.094,0.013,"1,352.811",--,1.300,35.086,0.162,0.507,1.187,34.988,0.140,0.468,2.231,3.274,0.008,0.681,"2,450.043","1,832.692",888.777,"1,361.230",0.274,0.074,0.016,0.0943,0.0399,0.0147,0.0016,0.0132,"2,468.7860","1,838.9310",889.6740,"1,367.527",--,--,0.110,3.147,0.022,0.058,0.102,3.152,0.019,0.053,0.189,0.294,0.001,0.078,208.121,164.355,118.875,155.099,0.0233,0.0066,0.0022,0.0107,0.0034,0.0013,0.0002,0.0015,209.713,164.914,118.994,155.817,--,--,0.602,0.569,0.837,"1,534.847",0.122,0.017,"1,543.062",--,"24,408,181","162,601","57,159,892","64,960,861","17,872,478","953,931","14,865","1,392,856",0,"2,811",(50),"146,694,295","20,234,130","2,361,652","82,687,366","84,241,060",14.6%,0.1%,34.2%,38.9%,10.7%,0.6%,0.0%,0.8%,0.0%,0.0%,0.0%,87.9%,12.1%,1.4%,49.5%,50.5%,"18,308,235","1,160","26,668,165",0,0,"421,644",0,0,0,0,0,40.3%,0.0%,58.7%,0.0%,0.0%,0.9%,0.0%,0.0%,0.0%,0.0%,0.0%
2022,Tucson Electric Power Company,TEPC,"5,492","161,888,580","75,392,501","169,070,163","78,533,761","17,914,354","8,446,872","5,475","2,437","5,708","13,171,524","1,933,916","278,361","13,237,173",--,0.611,0.577,0.637,"1,470.499",0.108,0.016,1477.829,--,0.068,0.065,0.071,162.723,0.012,0.002,163.534,--,0.693,0.654,0.722,"1,666.274",0.122,0.018,"1,674.579",--,1.258,0.000,0.226,0.692,1.188,0.000,0.213,0.647,1.588,0.000,0.008,0.721,"2,295.541",0.000,"1,144.869","1,664.229",0.261,0.000,0.008,0.1222,0.0380,0.0000,0.0008,0.0176,"2,313.4080",0.0000,"1,145.2890","1,672.524",--,--,0.115,0.000,0.023,0.068,0.112,0.000,0.022,0.065,0.145,0.000,0.001,0.071,209.664,0.000,118.837,162.723,0.0239,0.0000,0.0008,0.0119,0.0035,0.0000,0.0001,0.0017,211.296,0.000,118.880,163.534,--,--,0.712,0.669,0.695,"1,633.066",0.119,0.017,"1,641.105",--,"7,105,729","23,125","8,684,512",0,0,0,"1,019,532","1,085,270",0,0,"(3,814)","15,809,552","2,104,802","2,104,802","15,809,552","2,104,802",39.7%,0.1%,48.5%,0.0%,0.0%,0.0%,5.7%,6.1%,0.0%,0.0%,0.0%,88.3%,11.7%,11.7%,88.3%,11.7%,"4,067,629",0,"5,297,778",0,0,0,0,0,0,0,0,43.4%,0.0%,56.6%,0.0%,0.0%,0.0%,0.0%,0.0%,0.0%,0.0%,0.0%
2022,Turlock Irrigation District,TIDC,761,"15,287,064","6,870,128","15,901,557","7,327,421","1,936,866","929,272",57,25,5,"908,489","31,977","3,199","909,365",--,0.059,0.055,0.005,938.102,0.017,0.002,939.007,--,0.007,0.007,0.001,118.857,0.002,0.000,118.972,--,0.065,0.06,0.005,"1,034.145",0.018,0.002,"1,035.142",--,0.000,0.000,0.065,0.065,0.000,0.000,0.064,0.064,0.000,0.000,0.005,0.005,0.000,0.000,"1,034.145","1,034.145",0.000,0.000,0.018,0.0182,0.0000,0.0000,0.0018,0.0018,0.0000,0.0000,"1,035.1420","1,035.142",--,--,0.000,0.000,0.007,0.007,0.000,0.000,0.007,0.007,0.000,0.000,0.001,0.001,0.000,0.000,118.857,118.857,0.0000,0.0000,0.0021,0.0021,0.0000,0.0000,0.0002,0.0002,0.000,0.000,118.972,118.972,--,--,0.072,0.071,0.005,"1,075.296",0.019,0.002,"1,076.351",--,0,(13),"1,756,999",0,"179,880",0,0,0,0,0,0,"1,756,986","179,880",0,"1,756,986","179,880",0.0%,0.0%,90.7%,0.0%,9.3%,0.0%,0.0%,0.0%,0.0%,0.0%,0.0%,90.7%,9.3%,0.0%,90.7%,9.3%,0,0,"883,945",0,0,0,0,0,0,0,0,0.0%,0.0%,100.0%,0.0%,0.0%,0.0%,0.0%,0.0%,0.0%,0.0%,0.0%
2022,Western Area Power Administration - Desert Southwest Region,WALC,"7,205","58,506,965","26,306,108","89,494,619","40,286,771","15,714,858","7,020,116","1,925",937,304,"4,028,323","388,345","51,732","4,040,886",--,0.245,0.267,0.039,512.677,0.025,0.003,514.276,--,0.066,0.071,0.010,137.704,0.007,0.001,138.133,--,0.579,0.631,0.091,"1,212.650",0.058,0.008,"1,216.432",--,1.789,0.000,0.073,0.578,1.705,0.000,0.071,0.646,0.299,0.000,0.005,0.091,"1,899.243",0.000,922.166,"1,209.770",0.156,0.000,0.018,0.0583,0.0222,0.0000,0.0018,0.0078,"1,909.7530",0.0000,923.1280,"1,213.543",--,--,0.159,0.000,0.009,0.066,0.151,0.000,0.009,0.071,0.027,0.000,0.001,0.010,168.872,0.000,118.858,137.704,0.0139,0.0000,0.0023,0.0066,0.0020,0.0000,0.0002,0.0009,169.806,0.000,118.982,138.133,--,--,0.613,0.694,0.097,"1,240.098",0.061,0.008,"1,244.063",--,"1,061,507",21,"5,598,124",0,"7,239,626",0,"1,038,950","792,446",0,0,"(15,816)","6,643,836","9,071,022","1,831,396","6,643,836","9,071,022",6.7%,0.0%,35.6%,0.0%,46.0%,0.0%,6.6%,5.0%,0.0%,0.0%,0.0%,42.3%,57.7%,11.6%,42.3%,57.7%,"1,507,142",0,"3,306,713",0,0,0,0,0,0,0,0,31.3%,0.0%,68.7%,0.0%,0.0%,0.0%,0.0%,0.0%,0.0%,0.0%,0.0%
2022,Western Area Power Administration - Rocky Mountain Region,WACM,"10,575","382,378,515","173,285,658","404,919,408","182,239,787","40,958,563","18,307,005","22,360","9,926","15,278","38,195,942","7,758,280","1,124,432","38,460,461",--,1.092,1.084,0.746,"1,865.102",0.189,0.027,1878.018,--,0.117,0.115,0.080,199.781,0.020,0.003,201.164,--,1.296,1.287,0.885,"2,213.825",0.225,0.033,"2,229.156",--,1.420,11.657,0.469,1.298,1.371,11.720,0.512,1.263,1.018,5.325,0.009,0.887,"2,395.180","2,035.821","1,038.309","2,217.785",0.256,0.082,0.019,0.2252,0.0373,0.0165,0.0019,0.0326,"2,412.6910","2,042.7960","1,039.3620","2,233.144",--,--,0.124,0.935,0.054,0.117,0.121,0.934,0.058,0.115,0.089,0.427,0.001,0.080,209.164,163.326,118.890,199.869,0.0224,0.0066,0.0022,0.0203,0.0033,0.0013,0.0002,0.0029,210.694,163.885,119.011,201.253,--,--,1.239,1.214,0.809,"2,088.719",0.204,0.029,"2,102.579",--,"29,647,692","46,881","4,747,943",0,"1,207,848","13,416","4,748,430","495,541",0,"2,609","48,203","34,493,328","6,465,235","5,257,387","34,506,744","6,451,819",72.4%,0.1%,11.6%,0.0%,2.9%,0.0%,11.6%,1.2%,0.0%,0.0%,0.1%,84.2%,15.8%,12.8%,84.2%,15.8%,"11,160,780","3,806","2,991,981",0,0,"7,187",0,0,0,"2,609",0,78.8%,0.0%,21.1%,0.0%,0.0%,0.1%,0.0%,0.0%,0.0%,0.0%,0.0%
2022,Western Area Power Administration UGP West,WAUW,"1,047",0,0,"10,470,795","4,625,327","3,068,815","1,355,608",0,0,0,0,0,0,0,--,0.000,0.000,0.000,0.000,0.000,0.000,0,--,0,0.000,0.000,0.000,0.000,0.000,0.000,--,,,,,,,,--,0.000,0.000,0,0.000,0.000,0.000,0.000,0.000,0.000,0.000,0.000,0.000,0.000,0.000,0.000,0.000,0.000,0.000,0.000,0.0000,0.0000,0.0000,0.0000,0.0000,0.0000,0.0000,0.0000,0.000,--,--,0.000,0.000,0.000,0.000,0.000,0.000,0.000,0.000,0.000,0.000,0.000,0.000,0.000,0.000,0.000,0.000,0.0000,0.0000,0.0000,0.0000,0.0000,0.0000,0.0000,0.0000,0.000,0.000,0.000,0.000,--,--,0.000,0.000,0.000,0.000,0.000,0.000,0.000,--,0,0,0,0,"2,858,237",0,"210,578",0,0,0,0,0,"3,068,815","210,578",0,"3,068,815",0.0%,0.0%,0.0%,0.0%,93.1%,0.0%,6.9%,0.0%,0.0%,0.0%,0.0%,0.0%,100.0%,6.9%,0.0%,100.0%,0,0,0,0,0,0,0,0,0,0,0,0.0%,0.0%,0.0%,0.0%,0.0%,0.0%,0.0%,0.0%,0.0%,0.0%,0.0%
