Data Year,eGRID subregion acronym,eGRID subregion name,eGRID subregion nameplate capacity (MW),eGRID subregion annual heat input from combustion (MMBtu),eGRID subregion ozone season heat input from combustion (MMBtu),eGRID subregion total annual heat input (MMBtu),eGRID subregion total ozone season heat input (MMBtu),eGRID subregion annual net generation (MWh),eGRID subregion ozone season net generation (MWh),eGRID subregion annual NOx emissions (tons),eGRID subregion ozone season NOx emissions (tons),eGRID subregion annual SO2 emissions (tons),eGRID subregion annual CO2 emissions (tons),eGRID subregion annual CH4 emissions (lbs),eGRID subregion annual N2O emissions (lbs),eGRID subregion annual CO2 equivalent emissions (tons),eGRID subregion annual Hg emissions (lbs),eGRID subregion annual NOx total output emission rate (lb/MWh),eGRID subregion ozone season NOx total output emission rate (lb/MWh),eGRID subregion annual SO2 total output emission rate (lb/MWh),eGRID subregion annual CO2 total output emission rate (lb/MWh),eGRID subregion annual CH4 total output emission rate (lb/MWh),eGRID subregion annual N2O total output emission rate (lb/MWh),eGRID subregion annual CO2 equivalent total output emission rate (lb/MWh),eGRID subregion annual Hg total output emission rate (lb/MWh),eGRID subregion annual NOx input emission rate (lb/MMBtu),eGRID subregion ozone season NOx input emission rate (lb/MMBtu),eGRID subregion annual SO2 input emission rate (lb/MMBtu),eGRID subregion annual CO2 input emission rate (lb/MMBtu),eGRID subregion annual CH4 input emission rate (lb/MMBtu),eGRID subregion annual N2O input emission rate (lb/MMBtu),eGRID subregion annual CO2 equivalent input emission rate (lb/MMBtu),eGRID subregion annual Hg input emission rate (lb/MMBtu),eGRID subregion annual NOx combustion output emission rate (lb/MWh),eGRID subregion ozone season NOx combustion output emission rate (lb/MWh),eGRID subregion annual SO2 combustion output emission rate (lb/MWh),eGRID subregion annual CO2 combustion output emission rate (lb/MWh),eGRID subregion annual CH4 combustion output emission rate (lb/MWh),eGRID subregion annual N2O combustion output emission rate (lb/MWh),eGRID subregion annual CO2 equivalent combustion output emission rate (lb/MWh),eGRID subregion annual Hg combustion output emission rate (lb/MWh),eGRID subregion annual NOx coal output emission rate (lb/MWh),eGRID subregion annual NOx oil output emission rate (lb/MWh),eGRID subregion annual NOx gas output emission rate (lb/MWh),eGRID subregion annual NOx fossil fuel output emission rate (lb/MWh),eGRID subregion ozone season NOx coal output emission rate (lb/MWh),eGRID subregion ozone season NOx oil output emission rate (lb/MWh),eGRID subregion ozone season NOx gas output emission rate (lb/MWh),eGRID subregion ozone season NOx fossil fuel output emission rate (lb/MWh),eGRID subregion annual SO2 coal output emission rate (lb/MWh),eGRID subregion annual SO2 oil output emission rate (lb/MWh),eGRID subregion annual SO2 gas output emission rate (lb/MWh),eGRID subregion annual SO2 fossil fuel output emission rate (lb/MWh),eGRID subregion annual CO2 coal output emission rate (lb/MWh),eGRID subregion annual CO2 oil output emission rate (lb/MWh),eGRID subregion annual CO2 gas output emission rate (lb/MWh),eGRID subregion annual CO2 fossil fuel output emission rate (lb/MWh),eGRID subregion annual CH4 coal output emission rate (lb/MWh),eGRID subregion annual CH4 oil output emission rate (lb/MWh),eGRID subregion annual CH4 gas output emission rate (lb/MWh),eGRID subregion annual CH4 fossil fuel output emission rate (lb/MWh),eGRID subregion annual N2O coal output emission rate (lb/MWh),eGRID subregion annual N2O oil output emission rate (lb/MWh),eGRID subregion annual N2O gas output emission rate (lb/MWh),eGRID subregion annual N2O fossil fuel output emission rate (lb/MWh),eGRID subregion annual CO2 equivalent coal output emission rate (lb/MWh),eGRID subregion annual CO2 equivalent oil output emission rate (lb/MWh),eGRID subregion annual CO2 equivalent gas output emission rate (lb/MWh),eGRID subregion annual CO2 equivalent fossil fuel output emission rate (lb/MWh),eGRID subregion annual Hg coal output emission rate (lb/MWh),eGRID subregion annual Hg fossil fuel output emission rate (lb/MWh),eGRID subregion annual NOx coal input emission rate (lb/MMBtu),eGRID subregion annual NOx oil input emission rate (lb/MMBtu),eGRID subregion annual NOx gas input emission rate (lb/MMBtu),eGRID subregion annual NOx fossil fuel input emission rate (lb/MMBtu),eGRID subregion ozone season NOx coal input emission rate (lb/MMBtu),eGRID subregion ozone season NOx oil input emission rate (lb/MMBtu),eGRID subregion ozone season NOx gas input emission rate (lb/MMBtu),eGRID subregion ozone season NOx fossil fuel input emission rate (lb/MMBtu),eGRID subregion annual SO2 coal input emission rate (lb/MMBtu),eGRID subregion annual SO2 oil input emission rate (lb/MMBtu),eGRID subregion annual SO2 gas input emission rate (lb/MMBtu),eGRID subregion annual SO2 fossil fuel input emission rate (lb/MMBtu),eGRID subregion annual CO2 coal input emission rate (lb/MMBtu),eGRID subregion annual CO2 oil input emission rate (lb/MMBtu),eGRID subregion annual CO2 gas input emission rate (lb/MMBtu),eGRID subregion annual CO2 fossil fuel input emission rate (lb/MMBtu),eGRID subregion annual CH4 coal input emission rate (lb/MMBtu),eGRID subregion annual CH4 oil input emission rate (lb/MMBtu),eGRID subregion annual CH4 gas input emission rate (lb/MMBtu),eGRID subregion annual CH4 fossil fuel input emission rate (lb/MMBtu),eGRID subregion annual N2O coal input emission rate (lb/MMBtu),eGRID subregion annual N2O oil input emission rate (lb/MMBtu),eGRID subregion annual N2O gas input emission rate (lb/MMBtu),eGRID subregion annual N2O fossil fuel input emission rate (lb/MMBtu),eGRID subregion annual CO2 equivalent coal input emission rate (lb/MMBtu),eGRID subregion annual CO2 equivalent oil input emission rate (lb/MMBtu),eGRID subregion annual CO2 equivalent gas input emission rate (lb/MMBtu),eGRID subregion annual CO2 equivalent fossil fuel input emission rate (lb/MMBtu),eGRID subregion annual Hg coal input emission rate (lb/MMBtu),eGRID subregion annual Hg fossil fuel input emission rate (lb/MMBtu),eGRID subregion annual NOx non-baseload output emission rate (lb/MWh),eGRID subregion ozone season NOx non-baseload output emission rate (lb/MWh),eGRID subregion annual SO2 non-baseload output emission rate (lb/MWh) ,eGRID subregion annual CO2 non-baseload output emission rate (lb/MWh) ,eGRID subregion annual CH4 non-baseload output emission rate (lb/MWh),eGRID subregion annual N2O non-baseload output emission rate (lb/MWh),eGRID subregion annual CO2e non-baseload output emission rate (lb/MWh),eGRID subregion annual Hg non-baseload output emission rate (lb/MWh),eGRID subregion annual coal net generation (MWh),eGRID subregion annual oil net generation (MWh),eGRID subregion annual gas net generation (MWh),eGRID subregion annual nuclear net generation (MWh),eGRID subregion annual hydro net generation (MWh),eGRID subregion annual biomass net generation (MWh),eGRID subregion annual wind net generation (MWh),eGRID subregion annual solar net generation (MWh),eGRID subregion annual geothermal net generation (MWh),eGRID subregion annual other fossil net generation (MWh),eGRID subregion annual other unknown/ purchased fuel net generation (MWh),eGRID subregion annual total nonrenewables net generation (MWh),eGRID subregion annual total renewables net generation (MWh),eGRID subregion annual total nonhydro renewables net generation (MWh),eGRID subregion annual total combustion net generation (MWh),eGRID subregion annual total noncombustion net generation (MWh),eGRID subregion coal generation percent (resource mix),eGRID subregion oil generation percent (resource mix),eGRID subregion gas generation percent (resource mix),eGRID subregion nuclear generation percent (resource mix),eGRID subregion hydro generation percent (resource mix),eGRID subregion biomass generation percent (resource mix),eGRID subregion wind generation percent (resource mix),eGRID subregion solar generation percent (resource mix),eGRID subregion geothermal generation percent (resource mix),eGRID subregion other fossil generation percent (resource mix),eGRID subregion other unknown/ purchased fuel generation percent (resource mix),eGRID subregion total nonrenewables generation percent (resource mix),eGRID subregion total renewables generation percent (resource mix),eGRID subregion total nonhydro renewables generation percent (resource mix),eGRID subregion total combustion generation percent (resource mix),eGRID subregion total noncombustion generation percent (resource mix),eGRID subregion annual nonbaseload coal net generation (MWh),eGRID subregion annual nonbaseload oil net generation (MWh),eGRID subregion annual nonbaseload gas net generation (MWh),eGRID subregion annual nonbaseload nuclear net generation (MWh),eGRID subregion annual nonbaseload hydro net generation (MWh),eGRID subregion annual nonbaseload biomass net generation (MWh),eGRID subregion annual nonbaseload wind net generation (MWh),eGRID subregion annual nonbaseload solar net generation (MWh),eGRID subregion annual nonbaseload geothermal net generation (MWh),eGRID subregion annual nonbaseload other fossil net generation (MWh),eGRID subregion annual nonbaseload other unknown/ purchased fuel net generation (MWh),eGRID subregion nonbaseload coal generation percent (resource mix),eGRID subregion nonbaseload oil generation percent (resource mix),eGRID subregion nonbaseload gas generation percent (resource mix),eGRID subregion nonbaseload nuclear generation percent (resource mix),eGRID subregion nonbaseload hydro generation percent (resource mix),eGRID subregion nonbaseload biomass generation percent (resource mix),eGRID subregion nonbaseload wind generation percent (resource mix),eGRID subregion nonbaseload solar generation percent (resource mix),eGRID subregion nonbaseload geothermal generation percent (resource mix),eGRID subregion nonbaseload other fossil generation percent (resource mix),eGRID subregion nonbaseload other unknown/ purchased fuel generation percent (resource mix)
YEAR,SUBRGN,SRNAME,SRNAMEPCAP,SRHTIAN,SRHTIOZ,SRHTIANT,SRHTIOZT,SRNGENAN,SRNGENOZ,SRNOXAN,SRNOXOZ,SRSO2AN,SRCO2AN,SRCH4AN,SRN2OAN,SRCO2EQA,SRHGAN,SRNOXRTA,SRNOXRTO,SRSO2RTA,SRCO2RTA,SRCH4RTA,SRN2ORTA,SRC2ERTA,SRHGRTA,SRNOXRA,SRNOXRO,SRSO2RA,SRCO2RA,SRCH4RA,SRN2ORA,SRC2ERA,SRHGRA,SRNOXCRT,SRNOXCRO,SRSO2CRT,SRCO2CRT,SRCH4CRT,SRN2OCRT,SRC2ECRT,SRHGCRT,SRCNOXRT,SRONOXRT,SRGNOXRT,SRFSNXRT,SRCNXORT,SRONXORT,SRGNXORT,SRFSNORT,SRCSO2RT,SROSO2RT,SRGSO2RT,SRFSS2RT,SRCCO2RT,SROCO2RT,SRGCO2RT,SRFSC2RT,SRCCH4RT,SROCH4RT,SRGCH4RT,SRFCH4RT,SRCN2ORT,SRON2ORT,SRGN2ORT,SRFN2ORT,SRCC2ERT,SROC2ERT,SRGC2ERT,SRFSC2ERT,SRCHGRT,SRFSHGRT,SRCNOXR,SRONOXR,SRGNOXR,SRFSNXR,SRCNXOR,SRONXOR,SRGNXOR,SRFSNOR,SRCSO2R,SROSO2R,SRGSO2R,SRFSS2R,SRCCO2R,SROCO2R,SRGCO2R,SRFSC2R,SRCCH4R,SROCH4R,SRGCH4R,SRFCH4R,SRCN2OR,SRON2OR,SRGN2OR,SRFN2OR,SRCC2ER,SROC2ER,SRGC2ER,SRFSC2ER,SRCHGR,SRFSHGR,SRNBNOX,SRNBNXO,SRNBSO2,SRNBCO2,SRNBCH4,SRNBN2O,SRNBC2E,SRNBHG,SRGENACL,SRGENAOL,SRGENAGS,SRGENANC,SRGENAHY,SRGENABM,SRGENAWI,SRGENASO,SRGENAGT,SRGENAOF,SRGENAOP,SRGENATN,SRGENATR,SRGENATH,SRGENACY,SRGENACN,SRCLPR,SROLPR,SRGSPR,SRNCPR,SRHYPR,SRBMPR,SRWIPR,SRSOPR,SRGTPR,SROFPR,SROPPR,SRTNPR,SRTRPR,SRTHPR,SRCYPR,SRCNPR,SRNBGNCL,SRNBGNOL,SRNBGNGS,SRNBGNNC,SRNBGNHY,SRNBGNBM,SRNBGNWI,SRNBGNSO,SRNBGNGT,SRNBGNOF,SRNBGNOP,SRNBCLPR,SRNBOLPR,SRNBGSPR,SRNBNCPR,SRNBHYPR,SRNBBMPR,SRNBWIPR,SRNBSOPR,SRNBGTPR,SRNBOFPR,SRNBOPPR
2022,AKGD,ASCC Alaska Grid,"2,170","37,437,229","14,757,546","39,771,614","15,808,133","5,016,815","2,005,965","12,675","5,450","1,060","2,639,130","439,539","59,541","2,653,496",--,5.053,5.434,0.423,"1,052.114",0.088,0.012,"1,057.841",--,0.677,0.739,0.057,140.990,0.012,0.002,141.757,--,5.851,6.292,0.489,"1,218.253",0.101,0.014,"1,224.885",--,3.394,7.708,6.243,5.903,3.049,8.050,7.137,6.478,1.684,1.814,0.026,0.490,"2,298.755","1,437.676",948.672,"1,229.120",0.2581,0.4455,0.0182,0.1024,0.0376,0.0604,0.0018,0.0139,"2,316.417","1,466.826",949.668,"1,235.811",--,--,0.314,0.903,0.769,0.685,0.296,0.893,0.870,0.747,0.156,0.213,0.003,0.057,212.559,168.502,116.889,142.591,0.0239,0.0522,0.0022,0.0119,0.0035,0.0071,0.0002,0.0016,214.192,171.918,117.012,143.367,--,--,6.982,7.580,0.583,"1,224.498",0.123,0.017,"1,232.508",--,"726,934","442,951","3,124,454",0,"577,650","40,836","106,519",0,0,0,"(2,529)","4,291,810","725,005","147,355","4,332,646","684,169",14.5%,8.8%,62.3%,0.0%,11.5%,0.8%,2.1%,0.0%,0.0%,0.0%,0.0%,85.5%,14.5%,2.9%,86.4%,13.6%,"400,877","385,400","1,622,218",0,0,"26,859",0,0,0,0,0,16.5%,15.8%,66.6%,0.0%,0.0%,1.1%,0.0%,0.0%,0.0%,0.0%,0.0%
2022,AKMS,ASCC Miscellaneous,920,"5,510,593","2,320,321","9,497,638","4,094,062","1,677,313","731,640","6,583","2,655",570,"415,782","38,970","6,776","417,279",--,7.850,7.257,0.680,495.772,0.023,0.004,497.557,--,2.389,2.288,0.207,150.903,0.007,0.001,151.446,--,25.878,23.923,2.242,"1,634.428",0.077,0.013,"1,640.312",--,0.000,30.054,4.726,25.237,0.000,29.866,4.726,24.381,0.000,2.684,0.047,2.182,0.000,"1,571.817","1,717.291","1,599.484",0.0000,0.0850,0.0324,0.0750,0.0000,0.0153,0.0032,0.0130,0.000,"1,578.510","1,719.066","1,605.241",--,--,0.000,3.118,0.322,2.381,0.000,3.118,0.322,2.280,0.000,0.278,0.003,0.206,0.000,163.071,116.889,150.897,0.0000,0.0088,0.0022,0.0071,0.0000,0.0016,0.0002,0.0012,0.000,163.765,117.010,151.441,--,--,25.415,24.560,2.185,"1,587.893",0.069,0.012,"1,593.296",--,0,"404,574","104,922",0,"1,135,776",0,"32,757",0,0,0,(716),"508,780","1,168,533","32,757","508,780","1,168,533",0.0%,24.1%,6.3%,0.0%,67.7%,0.0%,2.0%,0.0%,0.0%,0.0%,0.0%,30.3%,69.7%,2.0%,30.3%,69.7%,0,"396,128","90,791",0,0,0,0,0,0,0,0,0.0%,81.4%,18.6%,0.0%,0.0%,0.0%,0.0%,0.0%,0.0%,0.0%,0.0%
2022,AZNM,WECC Southwest,"52,133","895,513,425","439,212,660","1,016,756,666","491,234,118","170,369,549","80,252,846","35,671","17,704","10,345","66,106,424","8,605,564","1,191,129","66,391,471",--,0.419,0.441,0.121,776.036,0.051,0.007,779.382,--,0.080,0.081,0.023,147.639,0.010,0.001,148.276,--,0.694,0.732,0.201,"1,286.949",0.084,0.012,"1,292.498",--,1.408,21.042,0.420,0.689,1.432,21.000,0.420,0.692,0.719,10.083,0.006,0.200,"2,279.545","3,858.583",920.334,"1,289.731",0.2492,0.1562,0.0154,0.0790,0.0362,0.0312,0.0015,0.0110,"2,296.568","3,871.792",921.180,"1,294.973",--,--,0.127,0.891,0.054,0.079,0.130,0.890,0.055,0.080,0.065,0.427,0.001,0.023,204.835,163.326,118.715,148.757,0.0224,0.0066,0.0020,0.0091,0.0033,0.0013,0.0002,0.0013,206.365,163.885,118.824,149.361,--,--,0.681,0.680,0.162,"1,205.221",0.065,0.009,"1,209.480",--,"26,741,465","52,170","75,396,777","31,942,793","5,265,827","549,723","12,608,307","12,000,917","5,818,112",0,"(6,541)","134,126,664","36,242,886","30,977,059","102,733,594","67,635,956",15.7%,0.0%,44.3%,18.7%,3.1%,0.3%,7.4%,7.0%,3.4%,0.0%,0.0%,78.7%,21.3%,18.2%,60.3%,39.7%,"11,724,451",48,"47,306,647",0,0,"150,614",0,0,0,0,0,19.8%,0.0%,79.9%,0.0%,0.0%,0.3%,0.0%,0.0%,0.0%,0.0%,0.0%
2022,CAMX,WECC California,"93,348","896,218,688","413,369,938","1,189,168,373","561,538,545","209,353,986","100,690,173","48,899","21,461","3,161","52,070,844","6,216,882","786,309","52,262,888",--,0.467,0.426,0.030,497.443,0.030,0.004,499.278,--,0.109,0.104,0.007,116.201,0.007,0.001,116.630,--,0.895,0.817,0.058,953.572,0.057,0.007,957.089,--,2.893,22.559,0.654,0.798,2.853,26.321,0.610,0.767,0.581,1.240,0.009,0.041,"2,048.419","1,785.611",924.284,985.496,0.2380,0.0750,0.0164,0.0287,0.0346,0.0148,0.0016,0.0035,"2,064.686","1,791.903",925.185,987.255,--,--,0.289,1.911,0.083,0.100,0.293,2.210,0.077,0.096,0.058,0.105,0.001,0.005,204.929,151.279,117.983,124.110,0.0238,0.0064,0.0021,0.0036,0.0035,0.0013,0.0002,0.0004,206.557,151.812,118.098,124.331,--,--,0.777,0.733,0.055,"1,054.982",0.049,0.006,"1,058.038",--,"5,747,480","166,709","96,713,795","17,593,254","16,586,948","4,973,675","15,084,755","42,696,602","8,180,223","1,586,661","23,886","121,831,786","87,522,203","70,935,255","109,212,206","100,141,782",2.7%,0.1%,46.2%,8.4%,7.9%,2.4%,7.2%,20.4%,3.9%,0.8%,0.0%,58.2%,41.8%,33.9%,52.2%,47.8%,"3,957,436","66,416","54,946,437",0,0,"1,625,997",0,0,0,"261,885",0,6.5%,0.1%,90.3%,0.0%,0.0%,2.7%,0.0%,0.0%,0.0%,0.4%,0.0%
2022,ERCT,ERCOT All,"139,101","2,381,156,710","1,214,787,625","2,816,945,848","1,397,431,784","458,259,386","218,228,500","107,143","53,136","93,353","176,677,934","22,654,197","3,137,777","177,414,565",--,0.468,0.487,0.407,771.083,0.049,0.007,774.298,--,0.090,0.087,0.078,148.397,0.010,0.001,149.015,--,0.741,0.772,0.646,"1,221.844",0.078,0.011,"1,226.939",--,1.180,4.983,0.588,0.741,1.154,4.882,0.592,0.722,2.493,9.457,0.007,0.645,"2,277.614","2,144.993",867.316,"1,226.532",0.2563,0.0541,0.0158,0.0770,0.0372,0.0094,0.0016,0.0107,"2,295.120","2,149.134",868.187,"1,231.632",--,--,0.108,0.397,0.080,0.090,0.105,0.387,0.080,0.088,0.229,0.753,0.001,0.078,208.964,170.721,118.607,149.076,0.0235,0.0043,0.0022,0.0094,0.0034,0.0007,0.0002,0.0013,210.570,171.051,118.726,149.695,--,--,0.858,0.856,0.665,"1,194.876",0.067,0.009,"1,199.153",--,"71,217,304","355,442","214,342,263","41,606,955","432,960","952,594","105,613,545","21,407,173",0,"1,980,077","351,075","329,853,116","128,406,272","127,973,311","289,198,755","169,060,633",15.5%,0.1%,46.8%,9.1%,0.1%,0.2%,23.0%,4.7%,0.0%,0.4%,0.1%,72.0%,28.0%,27.9%,63.1%,36.9%,"27,634,512","157,270","106,507,226",0,0,"387,568",0,0,0,0,0,20.5%,0.1%,79.1%,0.0%,0.0%,0.3%,0.0%,0.0%,0.0%,0.0%,0.0%
2022,FRCC,FRCC All,"70,810","1,605,344,806","780,399,773","1,645,131,988","797,848,442","250,233,811","119,210,508","37,282","18,231","17,798","101,825,873","11,980,864","1,553,829","102,207,124",--,0.298,0.306,0.142,813.846,0.048,0.006,816.893,--,0.046,0.047,0.022,126.859,0.007,0.001,127.334,--,0.357,0.367,0.171,976.400,0.057,0.007,980.055,--,0.488,6.089,0.238,0.277,0.470,5.699,0.254,0.284,0.679,2.483,0.030,0.132,"1,517.249","1,515.037",873.191,974.556,0.1327,0.1208,0.0180,0.0360,0.0189,0.0242,0.0019,0.0046,"1,526.207","1,525.258",874.220,976.834,--,--,0.054,0.655,0.033,0.037,0.052,0.817,0.035,0.037,0.075,0.267,0.004,0.017,168.287,162.934,119.945,129.026,0.0147,0.0130,0.0025,0.0048,0.0021,0.0026,0.0003,0.0006,169.281,164.033,120.086,129.328,--,--,0.407,0.416,0.208,"1,044.441",0.056,0.007,"1,048.048",--,"15,227,544","1,271,933","186,173,230","30,768,329","230,962","3,499,328",0,"10,660,326",0,"1,542,496","859,662","235,843,194","14,390,616","14,159,654","208,574,194","41,659,617",6.1%,0.5%,74.4%,12.3%,0.1%,1.4%,0.0%,4.3%,0.0%,0.6%,0.3%,94.2%,5.8%,5.7%,83.4%,16.6%,"18,461,757","10,366","84,912,366",0,0,"1,830,571",0,0,0,0,0,17.5%,0.0%,80.7%,0.0%,0.0%,1.7%,0.0%,0.0%,0.0%,0.0%,0.0%
2022,HIMS,HICC Miscellaneous,"1,045","19,317,546","7,813,636","22,084,288","9,078,115","2,708,213","1,139,469","9,732","4,132","4,155","1,564,651","334,729","51,648","1,574,914",--,7.187,7.252,3.069,"1,155.486",0.124,0.019,"1,163.065",--,1.008,1.058,0.430,161.993,0.017,0.003,163.055,--,10.258,10.352,4.380,"1,649.320",0.176,0.027,"1,660.139",--,0.000,10.240,0.000,10.240,0.000,10.728,0.000,10.728,0.000,4.372,0.000,4.372,0.000,"1,636.649",0.000,"1,636.649",0.0000,0.1761,0.0000,0.1761,0.0000,0.0272,0.0000,0.0272,0.000,"1,647.448",0.000,"1,647.448",--,--,0.000,1.008,0.000,1.008,0.000,1.058,0.000,1.058,0.000,0.430,0.000,0.430,0.000,161.035,0.000,161.035,0.0000,0.0173,0.0000,0.0173,0.0000,0.0027,0.0000,0.0027,0.000,162.098,0.000,162.098,--,--,11.372,11.866,4.074,"1,619.210",0.157,0.025,"1,629.568",--,0,"1,743,747",0,0,"110,081","96,195","342,276","150,181","208,346",0,"57,386","1,801,134","907,079","796,998","1,897,329","810,884",0.0%,64.4%,0.0%,0.0%,4.1%,3.6%,12.6%,5.5%,7.7%,0.0%,2.1%,66.5%,33.5%,29.4%,70.1%,29.9%,0,"1,301,558",0,0,0,0,0,0,0,0,0,0.0%,100.0%,0.0%,0.0%,0.0%,0.0%,0.0%,0.0%,0.0%,0.0%,0.0%
2022,HIOA,HICC Oahu,"2,298","63,851,861","27,149,187","66,085,923","28,174,890","6,595,979","2,832,273","12,775","5,251","20,953","5,195,676","1,072,032","165,485","5,233,734",--,3.874,3.708,6.353,"1,575.407",0.163,0.025,"1,586.947",--,0.400,0.387,0.656,162.742,0.017,0.003,163.934,--,4.301,4.117,7.054,"1,749.029",0.180,0.028,"1,761.840",--,2.705,4.394,0.000,4.191,2.694,4.308,0.000,4.061,8.432,7.421,0.000,7.542,"2,341.087","1,643.621",0.000,"1,727.274",0.2868,0.0771,0.0000,0.1022,0.0415,0.0146,0.0000,0.0179,"2,360.612","1,649.912",0.000,"1,735.153",--,--,0.247,0.437,0.000,0.412,0.247,0.430,0.000,0.400,0.770,0.737,0.000,0.742,213.892,163.304,0.000,169.834,0.0262,0.0077,0.0000,0.0101,0.0038,0.0015,0.0000,0.0018,215.676,163.929,0.000,170.609,--,--,4.363,4.185,7.330,"1,810.290",0.177,0.028,"1,822.919",--,"647,758","4,911,431",0,0,0,"180,866","249,904","404,862",0,"201,338",(180),"5,760,347","835,632","835,632","5,941,213","654,766",9.8%,74.5%,0.0%,0.0%,0.0%,2.7%,3.8%,6.1%,0.0%,3.1%,0.0%,87.3%,12.7%,12.7%,90.1%,9.9%,"472,312","3,043,297",0,0,0,"249,680",0,0,0,0,0,12.5%,80.8%,0.0%,0.0%,0.0%,6.6%,0.0%,0.0%,0.0%,0.0%,0.0%
2022,MROE,MRO East,"8,453","206,298,819","98,970,767","215,542,977","102,895,504","22,864,489","10,417,104","11,179","5,270","3,494","16,915,395","3,040,541","440,580","17,019,048",--,0.978,1.012,0.306,"1,479.621",0.133,0.019,"1,488.688",--,0.108,0.106,0.034,163.989,0.015,0.002,164.994,--,1.109,1.148,0.347,"1,678.516",0.151,0.022,"1,688.801",--,0.786,0.754,1.500,1.093,0.779,0.595,1.527,1.125,0.531,1.577,0.017,0.326,"2,168.915","1,058.199","1,258.786","1,759.098",0.2494,0.3616,0.0176,0.1512,0.0363,0.0499,0.0018,0.0216,"2,185.960","1,082.099","1,259.753","1,769.316",--,--,0.076,0.079,0.141,0.104,0.074,0.064,0.134,0.103,0.051,0.165,0.002,0.031,208.886,110.836,118.374,167.880,0.0240,0.0379,0.0017,0.0144,0.0035,0.0052,0.0002,0.0021,210.528,113.340,118.465,168.855,--,--,1.124,1.152,0.334,"1,672.860",0.147,0.021,"1,682.837",--,"10,480,887","165,221","8,640,724",0,"1,105,467","855,303","878,912","724,925",0,"13,049",0,"19,299,882","3,564,607","2,459,140","20,155,184","2,709,304",45.8%,0.7%,37.8%,0.0%,4.8%,3.7%,3.8%,3.2%,0.0%,0.1%,0.0%,84.4%,15.6%,10.8%,88.2%,11.8%,"6,121,738","253,672","5,334,343",0,0,"569,662",0,0,0,0,0,49.9%,2.1%,43.4%,0.0%,0.0%,4.6%,0.0%,0.0%,0.0%,0.0%,0.0%
2022,MROW,MRO West,"76,840","1,205,653,342","571,278,426","1,589,996,611","704,046,320","251,623,837","104,576,080","95,338","44,967","114,102","117,820,954","25,622,635","3,704,684","118,693,235",--,0.758,0.860,0.907,936.485,0.102,0.015,943.418,--,0.158,0.157,0.189,195.447,0.021,0.003,196.894,--,1.602,1.819,1.918,"1,980.347",0.215,0.031,"1,995.009",--,1.647,-58.478,1.126,1.569,1.639,-61.201,1.123,1.548,2.321,-14.284,0.025,1.928,"2,220.474","-7,772.453",995.520,"2,010.738",0.2499,-0.2840,0.0206,0.2104,0.0363,-0.0537,0.0021,0.0305,"2,237.555","-7,795.566",996.675,"2,025.075",--,--,0.157,1.064,0.134,0.155,0.158,1.076,0.132,0.154,0.221,0.260,0.003,0.190,211.394,141.355,118.551,198.077,0.0238,0.0052,0.0025,0.0207,0.0035,0.0010,0.0003,0.0030,213.020,141.775,118.689,199.490,--,--,1.619,1.584,1.640,"1,794.666",0.183,0.026,"1,807.049",--,"95,599,125","151,734","20,826,283","20,314,709","9,769,374","1,765,166","100,084,649","2,464,916",0,"305,892","341,988","137,539,731","114,084,106","104,314,732","118,990,189","132,633,648",38.0%,0.1%,8.3%,8.1%,3.9%,0.7%,39.8%,1.0%,0.0%,0.1%,0.1%,54.7%,45.3%,41.5%,47.3%,52.7%,"37,580,459","84,363","16,828,861",0,0,"994,386",0,0,0,"10,077",0,67.7%,0.2%,30.3%,0.0%,0.0%,1.8%,0.0%,0.0%,0.0%,0.0%,0.0%
2022,NEWE,NPCC New England,"38,880","506,547,252","239,811,390","559,244,241","258,276,930","105,455,877","47,128,175","16,299","6,676","6,437","28,284,725","6,683,721","873,412","28,498,410",--,0.309,0.283,0.122,536.428,0.063,0.008,540.480,--,0.064,0.056,0.025,111.677,0.013,0.002,112.520,--,0.507,0.464,0.200,879.245,0.104,0.014,885.888,--,2.854,3.228,0.210,0.255,4.630,2.843,0.200,0.215,0.715,4.745,0.035,0.086,"2,372.473","1,989.892",853.661,873.249,0.3044,0.0731,0.0167,0.0188,0.0443,0.0142,0.0018,0.0021,"2,393.296","1,995.964",854.614,874.360,--,--,0.246,0.260,0.030,0.035,0.330,0.200,0.028,0.030,0.062,0.382,0.005,0.012,204.732,160.344,119.722,121.159,0.0263,0.0059,0.0023,0.0026,0.0038,0.0011,0.0003,0.0003,206.529,160.833,119.855,121.313,--,--,0.457,0.329,0.249,923.348,0.073,0.010,928.058,--,"347,898","1,853,565","55,626,948","27,385,695","6,208,666","4,756,951","4,044,260","3,478,590",0,"1,658,415","94,888","86,967,408","18,488,468","12,279,802","64,338,664","41,117,212",0.3%,1.8%,52.7%,26.0%,5.9%,4.5%,3.8%,3.3%,0.0%,1.6%,0.1%,82.5%,17.5%,11.6%,61.0%,39.0%,"308,840","580,660","26,320,694",0,0,"1,867,306",0,0,0,0,0,1.1%,2.0%,90.5%,0.0%,0.0%,6.4%,0.0%,0.0%,0.0%,0.0%,0.0%
2022,NWPP,WECC Northwest,"80,186","1,052,305,755","430,252,986","1,626,255,545","683,320,822","290,045,161","123,240,041","77,031","31,987","46,128","87,316,362","16,246,403","2,320,196","87,865,151",--,0.531,0.519,0.318,602.088,0.056,0.008,605.872,--,0.146,0.149,0.088,165.952,0.015,0.002,166.995,--,1.374,1.342,0.823,"1,556.926",0.145,0.021,"1,566.711",--,1.973,1.556,0.736,1.350,1.973,1.501,0.731,1.396,1.504,17.166,0.008,0.820,"2,286.719","1,842.488",923.521,"1,600.610",0.2587,0.0537,0.0169,0.1365,0.0376,0.0107,0.0017,0.0195,"2,304.399","1,847.028",924.446,"1,609.825",--,--,0.179,0.190,0.095,0.144,0.179,0.185,0.093,0.146,0.136,2.100,0.001,0.087,207.220,225.393,118.660,170.450,0.0234,0.0066,0.0022,0.0145,0.0034,0.0013,0.0002,0.0021,208.822,225.948,118.778,171.431,--,--,1.494,1.526,0.790,"1,515.676",0.134,0.019,"1,524.699",--,"52,895,365","553,223","54,892,156","9,851,535","127,570,178","2,869,340","31,406,623","7,171,492","1,880,248","686,295","268,706","119,147,280","170,897,881","43,327,703","112,165,085","177,880,076",18.2%,0.2%,18.9%,3.4%,44.0%,1.0%,10.8%,2.5%,0.6%,0.2%,0.1%,41.1%,58.9%,14.9%,38.7%,61.3%,"19,491,335","24,530","25,334,410",0,0,"1,507,218",0,0,0,"10,634",0,42.0%,0.1%,54.6%,0.0%,0.0%,3.3%,0.0%,0.0%,0.0%,0.0%,0.0%
2022,NYCW,NPCC NYC/Westchester,"12,790","242,052,197","120,796,993","243,662,685","121,623,617","32,721,381","16,103,199","4,063","1,998",456,"14,483,027","743,985","85,428","14,505,056",--,0.248,0.248,0.028,885.233,0.023,0.003,886.580,--,0.034,0.033,0.004,119.669,0.003,0.000,119.851,--,0.248,0.248,0.028,885.698,0.023,0.003,887.045,--,0.000,11.939,0.215,0.221,0.000,7.196,0.219,0.224,0.000,1.487,0.010,0.011,0.000,"2,227.585",883.162,883.925,0.0000,0.0552,0.0154,0.0154,0.0000,0.0080,0.0016,0.0016,0.000,"2,231.356",884.036,884.801,--,--,0.000,0.692,0.029,0.030,0.000,2.547,0.029,0.030,0.000,0.086,0.001,0.001,0.000,129.160,119.798,119.810,0.0000,0.0032,0.0021,0.0021,0.0000,0.0005,0.0002,0.0002,0.000,129.378,119.916,119.929,--,--,0.341,0.342,0.021,971.780,0.021,0.002,972.967,--,0,"743,806","31,592,944",0,0,"165,345",0,"17,176",0,"202,093",16,"32,538,859","182,521","182,521","32,704,205","17,176",0.0%,2.3%,96.6%,0.0%,0.0%,0.5%,0.0%,0.1%,0.0%,0.6%,0.0%,99.4%,0.6%,0.6%,99.9%,0.1%,0,"18,356","15,409,863",0,0,"59,650",0,0,0,0,0,0.0%,0.1%,99.5%,0.0%,0.0%,0.4%,0.0%,0.0%,0.0%,0.0%,0.0%
2022,NYLI,NPCC Long Island,"5,885","107,933,672","53,358,347","109,794,346","54,296,954","10,828,139","5,273,005","4,973","2,259","2,565","6,500,715","1,464,378","189,743","6,547,291",--,0.919,0.857,0.474,"1,200.708",0.135,0.018,"1,209.311",--,0.092,0.085,0.048,120.458,0.014,0.002,121.321,--,0.940,0.876,0.485,"1,228.449",0.138,0.018,"1,237.251",--,0.000,3.619,0.611,0.664,0.000,4.137,0.568,0.628,0.000,0.549,0.441,0.443,0.000,"2,384.498","1,126.226","1,148.328",0.0000,0.0576,0.0235,0.0241,0.0000,0.0108,0.0028,0.0029,0.000,"2,389.156","1,127.639","1,149.798",--,--,0.000,0.217,0.066,0.071,0.000,0.220,0.060,0.065,0.000,0.033,0.048,0.047,0.000,142.903,121.812,122.471,0.0000,0.0035,0.0025,0.0026,0.0000,0.0006,0.0003,0.0003,0.000,143.182,121.965,122.628,--,--,0.901,0.809,0.654,"1,316.653",0.039,0.005,"1,319.074",--,0,"693,206","8,953,220",0,0,"422,235",0,"244,526",0,"516,067","(1,114)","10,161,378","666,761","666,761","10,583,613","244,526",0.0%,6.4%,82.7%,0.0%,0.0%,3.9%,0.0%,2.3%,0.0%,4.8%,0.0%,93.8%,6.2%,6.2%,97.7%,2.3%,0,"169,408","6,482,917",0,0,"37,394",0,0,0,0,0,0.0%,2.5%,96.9%,0.0%,0.0%,0.6%,0.0%,0.0%,0.0%,0.0%,0.0%
2022,NYUP,NPCC Upstate NY,"26,053","214,581,883","96,969,097","328,434,759","143,269,578","87,177,697","37,508,689","4,906","1,785","1,874","11,967,722","1,322,854","164,244","12,003,878",--,0.113,0.095,0.043,274.559,0.015,0.002,275.389,--,0.046,0.037,0.017,111.545,0.006,0.001,111.882,--,0.357,0.302,0.137,872.033,0.048,0.006,874.667,--,0.000,2.182,0.218,0.273,0.000,1.997,0.156,0.197,0.000,2.596,0.013,0.086,0.000,"1,224.732",885.629,895.206,0.0000,0.0494,0.0164,0.0173,0.0000,0.0106,0.0017,0.0019,0.000,"1,229.120",886.531,896.207,--,--,0.000,0.236,0.029,0.036,0.000,0.206,0.022,0.027,0.000,0.281,0.002,0.011,0.000,132.418,118.626,119.105,0.0000,0.0053,0.0022,0.0023,0.0000,0.0011,0.0002,0.0003,0.000,132.893,118.747,119.239,--,--,0.457,0.333,0.189,920.115,0.043,0.005,922.457,--,0,"406,686","25,474,782","26,812,164","26,975,966","1,292,553","4,567,508","1,374,189",0,"286,723","(12,875)","52,967,480","34,210,216","7,234,250","27,447,869","59,729,827",0.0%,0.5%,29.2%,30.8%,30.9%,1.5%,5.2%,1.6%,0.0%,0.3%,0.0%,60.8%,39.2%,8.3%,31.5%,68.5%,0,"620,222","12,965,721",0,0,"501,661",0,0,0,0,0,0.0%,4.4%,92.0%,0.0%,0.0%,3.6%,0.0%,0.0%,0.0%,0.0%,0.0%
2022,PRMS,Puerto Rico Miscellaneous,"6,405","181,883,692","81,196,154","183,359,981","81,834,375","17,762,020","7,868,141","27,207","12,045","37,853","14,151,717","1,545,337","254,319","14,208,927",--,3.064,3.062,4.262,"1,593.481",0.087,0.014,"1,599.922",--,0.299,0.297,0.416,155.613,0.008,0.001,156.242,--,3.140,3.138,4.369,"1,633.266",0.089,0.015,"1,639.869",--,2.559,3.698,2.771,3.140,2.549,3.637,2.785,3.136,2.594,6.210,3.092,4.368,"2,265.492","1,774.556","1,200.221","1,633.070",0.2668,0.0643,0.0394,0.0892,0.0388,0.0125,0.0066,0.0147,"2,283.728","1,779.888","1,203.169","1,639.672",--,--,0.233,0.340,0.281,0.299,0.233,0.334,0.278,0.297,0.236,0.571,0.314,0.416,205.912,163.226,121.806,155.613,0.0243,0.0059,0.0040,0.0085,0.0035,0.0011,0.0007,0.0014,207.569,163.717,122.105,156.242,--,--,3.500,3.511,5.578,"1,670.902",0.074,0.013,"1,676.699",--,"2,962,885","8,626,394","5,742,145",0,0,0,"155,009","277,667",0,0,"(2,080)","17,329,344","432,676","432,676","17,329,344","432,676",16.7%,48.6%,32.3%,0.0%,0.0%,0.0%,0.9%,1.6%,0.0%,0.0%,0.0%,97.6%,2.4%,2.4%,97.6%,2.4%,"675,568","6,659,716","3,256,853",0,0,0,0,0,0,0,0,6.4%,62.9%,30.7%,0.0%,0.0%,0.0%,0.0%,0.0%,0.0%,0.0%,0.0%
2022,RFCE,RFC East,"78,447","1,400,185,429","634,199,856","1,435,054,177","647,503,922","289,058,252","127,405,437","39,682","14,206","43,593","95,011,436","13,040,136","1,743,147","95,434,166",--,0.275,0.223,0.302,657.386,0.045,0.006,660.311,--,0.057,0.045,0.062,135.713,0.009,0.001,136.316,--,0.451,0.367,0.496,"1,080.883",0.074,0.010,"1,085.692",--,1.161,6.383,0.223,0.388,0.846,4.310,0.187,0.299,2.955,1.047,0.042,0.454,"2,318.276","1,700.579",866.529,"1,071.806",0.2650,0.0431,0.0185,0.0531,0.0385,0.0064,0.0020,0.0071,"2,336.389","1,703.578",867.584,"1,075.258",--,--,0.104,0.483,0.031,0.050,0.074,0.337,0.026,0.039,0.266,0.079,0.006,0.058,208.546,128.595,120.133,137.903,0.0238,0.0033,0.0026,0.0068,0.0035,0.0005,0.0003,0.0009,210.175,128.822,120.279,138.347,--,--,0.749,0.554,0.773,"1,278.704",0.097,0.013,"1,285.111",--,"25,441,381","696,991","145,162,962","104,545,474","3,182,997","2,525,734","3,013,815","2,512,581",0,"2,005,652","(29,334)","277,823,126","11,235,127","8,052,130","175,803,385","113,254,867",8.8%,0.2%,50.2%,36.2%,1.1%,0.9%,1.0%,0.9%,0.0%,0.7%,0.0%,96.1%,3.9%,2.8%,60.8%,39.2%,"16,721,057","733,829","48,810,235",0,0,"1,407,530",0,0,0,"754,098",0,24.4%,1.1%,71.3%,0.0%,0.0%,2.1%,0.0%,0.0%,0.0%,1.1%,0.0%
2022,RFCM,RFC Michigan,"31,060","690,023,257","322,724,511","724,532,750","334,130,884","93,807,524","41,721,368","29,927","13,182","43,645","57,053,918","10,837,686","1,540,831","57,418,973",--,0.638,0.632,0.931,"1,216.404",0.116,0.016,"1,224.187",--,0.087,0.082,0.127,165.368,0.016,0.002,166.426,--,0.796,0.789,1.161,"1,518.014",0.144,0.020,"1,527.727",--,1.124,5.708,0.398,0.769,1.074,6.239,0.361,0.732,2.326,1.395,0.037,1.173,"2,199.528","1,414.334",900.706,"1,544.740",0.2545,0.0411,0.0163,0.1342,0.0371,0.0081,0.0017,0.0192,"2,216.957","1,417.770",901.605,"1,553.827",--,--,0.106,0.858,0.052,0.085,0.101,0.944,0.047,0.080,0.220,0.210,0.005,0.129,208.413,212.683,118.375,170.421,0.0241,0.0062,0.0021,0.0148,0.0035,0.0012,0.0002,0.0021,210.064,213.199,118.494,171.423,--,--,0.881,0.818,1.413,"1,597.326",0.149,0.021,"1,607.386",--,"34,477,355","1,545,523","36,275,773","9,392,330","(438,383)","1,524,443","8,867,925","816,481",0,"1,346,132",(57),"83,037,057","10,770,466","11,208,849","75,169,170","18,638,353",36.6%,1.6%,38.5%,10.0%,0.0%,1.6%,9.4%,0.9%,0.0%,1.4%,0.0%,88.5%,11.5%,11.9%,80.1%,19.9%,"19,264,833","111,469","17,400,259",0,0,"513,420",0,0,0,0,0,51.7%,0.3%,46.7%,0.0%,0.0%,1.4%,0.0%,0.0%,0.0%,0.0%,0.0%
2022,RFCW,RFC West,"140,293","3,154,569,071","1,424,913,381","3,294,690,973","1,468,945,722","535,522,392","231,446,150","139,021","49,086","166,106","267,775,418","46,397,570","6,634,859","269,342,129",--,0.519,0.424,0.620,"1,000.053",0.087,0.012,"1,005.904",--,0.088,0.069,0.105,169.770,0.015,0.002,170.763,--,0.800,0.654,0.956,"1,541.669",0.134,0.019,"1,550.689",--,1.248,1.307,0.310,0.789,0.931,1.034,0.312,0.624,1.898,2.991,0.013,0.962,"2,217.883","2,282.222",886.946,"1,556.684",0.2545,0.0612,0.0169,0.1347,0.0370,0.0112,0.0018,0.0193,"2,235.276","2,287.103",887.869,"1,565.778",--,--,0.116,0.100,0.041,0.087,0.086,0.081,0.041,0.068,0.177,0.230,0.002,0.106,206.512,175.173,118.535,171.088,0.0237,0.0047,0.0023,0.0148,0.0034,0.0009,0.0002,0.0021,208.131,175.548,118.658,172.088,--,--,1.082,0.872,1.180,"1,843.591",0.178,0.026,"1,855.683",--,"168,150,600","1,599,504","171,286,363","147,920,422","5,359,995","2,279,288","32,133,202","2,725,042",0,"3,638,981","428,994","493,024,864","42,497,525","37,137,531","347,383,729","188,138,660",31.4%,0.3%,32.0%,27.6%,1.0%,0.4%,6.0%,0.5%,0.0%,0.7%,0.1%,92.1%,7.9%,6.9%,64.9%,35.1%,"94,046,431","1,004,751","46,671,683",0,0,"730,399",0,0,0,"1,172,599",0,65.5%,0.7%,32.5%,0.0%,0.0%,0.5%,0.0%,0.0%,0.0%,0.8%,0.0%
2022,RMPA,WECC Rockies,"23,744","427,959,096","194,118,468","518,576,050","231,032,025","67,125,368","29,383,400","20,571","9,410","11,669","37,754,232","6,789,821","972,329","37,983,981",--,0.613,0.640,0.348,"1,124.887",0.101,0.014,"1,131.733",--,0.096,0.097,0.055,176.439,0.016,0.002,177.512,--,1.012,1.058,0.574,"1,858.106",0.167,0.024,"1,869.414",--,1.303,16.976,0.526,1.009,1.288,15.027,0.557,1.011,0.927,6.766,0.007,0.576,"2,325.198","2,630.147","1,128.000","1,867.809",0.2562,0.1065,0.0196,0.1658,0.0373,0.0213,0.0020,0.0238,"2,342.705","2,639.158","1,129.078","1,879.039",--,--,0.117,1.054,0.055,0.096,0.116,1.011,0.059,0.097,0.083,0.420,0.001,0.055,207.845,163.326,118.872,177.230,0.0229,0.0066,0.0021,0.0157,0.0033,0.0013,0.0002,0.0023,209.410,163.885,118.985,178.295,--,--,0.929,0.937,0.430,"1,676.390",0.129,0.018,"1,685.051",--,"24,543,081","27,399","15,853,216",0,"5,642,610","162,929","18,464,582","2,380,852",0,"2,609","48,090","40,474,395","26,650,973","21,008,363","40,637,324","26,488,044",36.6%,0.0%,23.6%,0.0%,8.4%,0.2%,27.5%,3.5%,0.0%,0.0%,0.1%,60.3%,39.7%,31.3%,60.5%,39.5%,"10,528,960","3,948","11,721,571",0,0,"41,911",0,0,0,"2,609",0,47.2%,0.0%,52.6%,0.0%,0.0%,0.2%,0.0%,0.0%,0.0%,0.0%,0.0%
2022,SPNO,SPP North,"26,861","391,244,255","211,092,152","500,134,904","250,919,195","78,559,613","36,245,164","21,047","10,860","6,268","37,416,972","7,852,332","1,135,292","37,684,284",--,0.536,0.599,0.160,952.575,0.100,0.014,959.381,--,0.108,0.103,0.032,191.272,0.020,0.003,192.638,--,1.118,1.250,0.333,"1,986.858",0.208,0.030,"2,001.053",--,0.987,-4.530,1.414,1.120,0.968,-6.088,1.297,1.072,0.407,-0.366,0.036,0.333,"2,218.086",-538.074,"1,068.917","1,990.368",0.2580,-0.0198,0.0207,0.2088,0.0375,-0.0039,0.0022,0.0302,"2,235.719",-539.746,"1,070.076","2,004.588",--,--,0.093,1.371,0.157,0.108,0.091,1.337,0.141,0.103,0.038,0.111,0.004,0.032,208.495,162.904,118.990,191.680,0.0243,0.0060,0.0023,0.0201,0.0035,0.0012,0.0002,0.0029,210.152,163.411,119.119,193.049,--,--,1.218,1.154,0.325,"1,942.976",0.198,0.029,"1,956.470",--,"29,145,931","(129,056)","8,577,050","8,981,959","154,859","69,703","31,642,678","115,660",0,0,829,"46,576,712","31,982,900","31,828,041","37,664,456","40,895,156",37.1%,0.0%,10.9%,11.4%,0.2%,0.1%,40.3%,0.1%,0.0%,0.0%,0.0%,59.3%,40.7%,40.5%,47.9%,52.1%,"17,718,150","35,734","5,816,560",0,0,"10,572",0,0,0,0,0,75.1%,0.2%,24.7%,0.0%,0.0%,0.0%,0.0%,0.0%,0.0%,0.0%,0.0%
2022,SPSO,SPP South,"57,781","956,198,287","494,793,458","1,142,132,624","566,611,397","155,729,281","72,835,833","58,885","30,458","67,082","75,559,656","11,143,618","1,602,322","75,937,697",--,0.756,0.836,0.862,970.398,0.072,0.010,975.253,--,0.123,0.123,0.140,158.042,0.012,0.002,158.833,--,1.164,1.287,1.326,"1,493.111",0.110,0.016,"1,500.582",--,1.571,28.622,0.820,1.171,1.550,27.614,0.871,1.185,2.889,2.850,0.027,1.308,"2,171.484","1,631.389","1,001.147","1,525.220",0.2217,0.0635,0.0197,0.1101,0.0323,0.0126,0.0021,0.0156,"2,186.643","1,636.719","1,002.264","1,532.620",--,--,0.145,2.865,0.097,0.123,0.143,2.735,0.100,0.123,0.266,0.285,0.003,0.137,199.770,163.326,118.429,159.905,0.0204,0.0064,0.0023,0.0115,0.0030,0.0013,0.0002,0.0016,201.164,163.859,118.561,160.680,--,--,1.333,1.336,1.291,"1,528.168",0.105,0.015,"1,535.231",--,"36,492,339","1,822,634","60,391,181",0,"5,043,465","2,142,295","48,823,385","651,426",0,"225,550","137,006","99,068,710","56,660,572","51,617,107","101,211,005","54,518,276",23.4%,1.2%,38.8%,0.0%,3.2%,1.4%,31.4%,0.4%,0.0%,0.1%,0.1%,63.6%,36.4%,33.1%,65.0%,35.0%,"28,568,209","3,323","37,657,600",0,0,"717,025",0,0,0,"34,451",0,42.7%,0.0%,56.2%,0.0%,0.0%,1.1%,0.0%,0.0%,0.0%,0.1%,0.0%
2022,SRMV,SERC Mississippi Valley,"47,214","1,083,014,688","519,815,163","1,094,092,141","524,575,877","183,054,493","84,472,980","45,015","22,159","55,101","73,314,707","7,322,355","1,009,295","73,556,621",--,0.492,0.525,0.602,801.015,0.040,0.006,803.658,--,0.083,0.085,0.102,135.390,0.007,0.001,135.837,--,0.639,0.682,0.782,"1,040.829",0.052,0.007,"1,044.263",--,1.508,0.537,0.502,0.640,1.548,0.293,0.533,0.669,4.338,7.998,0.007,0.777,"2,337.868","1,074.168",863.416,"1,065.072",0.2481,0.1954,0.0162,0.0514,0.0361,0.0302,0.0016,0.0069,"2,354.816","1,088.038",864.304,"1,068.409",--,--,0.134,0.113,0.069,0.083,0.134,0.099,0.072,0.085,0.385,1.681,0.001,0.100,207.323,225.775,118.685,137.417,0.0220,0.0411,0.0022,0.0066,0.0032,0.0063,0.0002,0.0009,208.826,228.691,118.807,137.848,--,--,0.889,0.927,1.407,"1,220.738",0.073,0.010,"1,225.618",--,"19,136,714","1,401,987","116,141,235","39,088,748","2,153,060","1,742,709",0,"935,158",0,"2,136,500","318,383","178,223,567","4,830,927","2,677,867","140,877,528","42,176,966",10.5%,0.8%,63.4%,21.4%,1.2%,1.0%,0.0%,0.5%,0.0%,1.2%,0.2%,97.4%,2.6%,1.5%,77.0%,23.0%,"12,390,476","2,943,047","45,495,705",0,0,"777,938",0,0,0,"736,486",0,19.9%,4.7%,73.0%,0.0%,0.0%,1.2%,0.0%,0.0%,0.0%,1.2%,0.0%
2022,SRMW,SERC Midwest,"33,720","824,439,805","353,707,687","878,661,009","372,451,678","118,737,335","48,619,649","59,494","18,135","143,104","81,328,342","17,883,372","2,590,550","81,937,876",--,1.002,0.746,2.410,"1,369.887",0.151,0.022,"1,380.154",--,0.144,0.103,0.347,197.294,0.022,0.003,198.772,--,1.403,1.044,3.374,"1,917.594",0.211,0.031,"1,931.966",--,1.549,31.557,0.673,1.405,1.094,25.272,0.679,1.014,4.041,8.451,0.029,3.380,"2,114.363","3,106.973",922.371,"1,923.162",0.2497,0.0914,0.0173,0.2112,0.0363,0.0183,0.0017,0.0306,"2,131.425","3,114.701",923.320,"1,937.563",--,--,0.153,1.659,0.087,0.144,0.106,1.911,0.084,0.102,0.399,0.444,0.004,0.347,208.518,163.326,118.659,197.684,0.0246,0.0048,0.0022,0.0217,0.0036,0.0010,0.0002,0.0031,210.201,163.732,118.781,199.164,--,--,1.421,1.124,3.244,"1,808.621",0.186,0.027,"1,821.235",--,"70,231,873","87,467","13,985,047","18,098,792","1,489,204","157,224","12,916,903","1,409,135",0,"91,637","270,052","102,764,868","15,972,466","14,483,262","84,823,301","33,914,034",59.1%,0.1%,11.8%,15.2%,1.3%,0.1%,10.9%,1.2%,0.0%,0.1%,0.2%,86.5%,13.5%,12.2%,71.4%,28.6%,"19,765,847","10,264","7,776,230",0,0,"198,630",0,0,0,0,0,71.2%,0.0%,28.0%,0.0%,0.0%,0.7%,0.0%,0.0%,0.0%,0.0%,0.0%
2022,SRSO,SERC South,"72,050","1,621,438,444","791,220,495","1,676,855,923","816,537,148","257,187,544","120,263,364","50,020","21,157","19,445","114,871,535","16,492,532","2,392,535","115,433,311",--,0.389,0.352,0.151,893.290,0.064,0.009,897.659,--,0.062,0.053,0.024,141.691,0.010,0.001,142.384,--,0.514,0.465,0.200,"1,181.070",0.085,0.012,"1,186.846",--,0.902,2.433,0.234,0.478,0.735,1.942,0.264,0.423,0.338,1.815,0.006,0.130,"1,894.402",791.732,892.110,"1,245.468",0.1813,0.0882,0.0169,0.0751,0.0261,0.0175,0.0017,0.0104,"1,906.724",799.145,893.033,"1,250.437",--,--,0.090,0.387,0.031,0.057,0.072,0.330,0.034,0.049,0.034,0.288,0.001,0.015,188.773,125.823,118.832,148.355,0.0181,0.0140,0.0022,0.0089,0.0026,0.0028,0.0002,0.0012,190.001,127.001,118.955,148.946,--,--,0.802,0.629,0.309,"1,354.798",0.092,0.013,"1,361.062",--,"45,464,600","602,255","138,477,107","47,061,787","7,396,089","9,918,698",0,"8,208,606",0,"62,218","(3,815)","231,664,152","25,523,393","18,127,304","194,521,063","62,666,482",17.7%,0.2%,53.8%,18.3%,2.9%,3.9%,0.0%,3.2%,0.0%,0.0%,0.0%,90.1%,9.9%,7.0%,75.6%,24.4%,"28,788,455","310,999","36,672,692",0,0,"3,011,593",0,0,0,0,0,41.9%,0.5%,53.3%,0.0%,0.0%,4.4%,0.0%,0.0%,0.0%,0.0%,0.0%
2022,SRTV,SERC Tennessee Valley,"57,331","1,192,606,768","563,955,140","1,263,138,312","593,937,622","214,916,301","96,983,338","42,335","17,737","57,718","100,265,692","17,624,427","2,529,588","100,862,906",--,0.394,0.366,0.537,933.067,0.082,0.012,938.625,--,0.071,0.063,0.097,168.145,0.015,0.002,169.147,--,0.652,0.606,0.890,"1,545.222",0.136,0.019,"1,554.426",--,1.093,35.225,0.193,0.650,0.982,35.083,0.167,0.584,1.697,3.287,0.039,0.881,"2,192.372","1,840.445",909.763,"1,561.428",0.2504,0.0741,0.0182,0.1361,0.0364,0.0148,0.0019,0.0194,"2,209.471","1,846.712",910.790,"1,570.617",--,--,0.101,3.145,0.025,0.071,0.091,3.150,0.022,0.063,0.157,0.293,0.005,0.096,203.335,164.312,119.773,169.414,0.0232,0.0066,0.0024,0.0148,0.0034,0.0013,0.0003,0.0021,204.921,164.872,119.908,170.411,--,--,0.715,0.649,0.968,"1,671.028",0.152,0.022,"1,681.327",--,"62,715,588","238,760","65,362,764","64,960,861","18,728,480","1,401,101","14,865","1,436,949",0,"56,984",(50),"193,334,906","21,581,395","2,852,915","129,775,146","85,141,155",29.2%,0.1%,30.4%,30.2%,8.7%,0.7%,0.0%,0.7%,0.0%,0.0%,0.0%,90.0%,10.0%,1.3%,60.4%,39.6%,"38,687,255","1,204","29,803,018",0,0,"656,486",0,0,0,0,0,55.9%,0.0%,43.1%,0.0%,0.0%,0.9%,0.0%,0.0%,0.0%,0.0%,0.0%
2022,SRVC,SERC Virginia/Carolina,"95,391","1,486,424,872","699,629,532","1,574,023,352","740,034,339","323,748,776","145,604,243","49,802","22,777","25,438","100,845,600","15,231,106","2,123,658","101,313,039",--,0.308,0.313,0.157,622.987,0.047,0.007,625.874,--,0.067,0.065,0.034,135.689,0.010,0.001,136.318,--,0.569,0.579,0.291,"1,152.035",0.087,0.012,"1,157.375",--,1.235,6.656,0.362,0.523,1.229,5.534,0.354,0.508,0.944,3.466,0.076,0.231,"2,144.039","1,554.433",997.585,"1,197.586",0.2396,0.2425,0.0304,0.0671,0.0348,0.0346,0.0038,0.0092,"2,160.404","1,570.801",999.457,"1,201.998",--,--,0.116,0.638,0.046,0.062,0.113,0.512,0.044,0.059,0.089,0.332,0.010,0.027,201.038,148.885,125.502,142.159,0.0225,0.0232,0.0038,0.0080,0.0033,0.0033,0.0005,0.0011,202.572,150.452,125.738,142.682,--,--,0.709,0.681,0.351,"1,308.837",0.099,0.014,"1,315.098",--,"35,634,460","1,077,097","130,300,158","125,211,370","4,032,092","7,289,298","1,497,203","17,934,237",0,"565,014","207,849","292,995,947","30,752,830","26,720,738","175,073,875","148,674,902",11.0%,0.3%,40.2%,38.7%,1.2%,2.3%,0.5%,5.5%,0.0%,0.2%,0.1%,90.5%,9.5%,8.3%,54.1%,45.9%,"24,710,752","236,136","69,974,537",0,0,"3,029,124",0,0,0,0,0,25.2%,0.2%,71.4%,0.0%,0.0%,3.1%,0.0%,0.0%,0.0%,0.0%,0.0%
